customer_id,order_id,month_order,unit_price_clean,quantity_clean,net_revenue,margin,discount_pct,product_id,category,unit_cost,store_id,store_name,region,campaign_id,campaign_name,budget,duration_days,start_date,end_date,stock_on_hand
1,1211,4,531.47,5,2258.75,36.77,15.00,28,Beauty,285.65,1,"Store 1",Central,1,"Winter Sale",7612.00,29,2025-01-01,2025-01-30,98
1,1211,4,79.09,4,253.09,16.61,20.00,27,Beauty,52.76,1,"Store 1",Central,1,"Winter Sale",7612.00,29,2025-01-01,2025-01-30,141
1,1211,4,362.44,4,1449.76,41.46,0.00,16,Kitchen,212.18,1,"Store 1",Central,1,"Winter Sale",7612.00,29,2025-01-01,2025-01-30,83
3,1499,3,932.63,6,5595.78,49.79,0.00,15,Kitchen,468.32,14,"Store 14",Central,1,"Winter Sale",7612.00,29,2025-01-01,2025-01-30,60
3,1499,3,185.84,2,371.68,42.49,0.00,12,"Home Office",106.88,14,"Store 14",Central,1,"Winter Sale",7612.00,29,2025-01-01,2025-01-30,170
3,1499,3,308.95,3,880.51,26.88,5.00,9,"Home Office",214.62,14,"Store 14",Central,1,"Winter Sale",7612.00,29,2025-01-01,2025-01-30,158
4,1315,1,1090.83,3,3108.87,28.35,5.00,26,Beauty,742.48,8,"Store 8",East,2,"Spring Refresh",21408.00,28,2025-02-15,2025-03-15,134
5,1093,6,845.96,2,1607.32,44.04,5.00,23,Fitness,449.72,10,"Store 10",Central,6,"Black Friday",23229.00,30,2025-08-14,2025-09-13,35
5,1093,6,730.73,2,1388.39,29.86,5.00,14,"Home Office",486.88,10,"Store 10",Central,6,"Black Friday",23229.00,30,2025-08-14,2025-09-13,150
5,1453,1,1048.28,6,5346.23,31.81,15.00,7,Electronics,607.61,6,"Store 6",East,5,"VIP Loyalty",16481.00,33,2025-06-30,2025-08-02,26
7,1026,3,79.09,5,395.45,33.29,0.00,27,Beauty,52.76,13,"Store 13",South,2,"Spring Refresh",21408.00,28,2025-02-15,2025-03-15,131
8,1508,1,514.77,1,411.82,29.02,20.00,25,Beauty,292.30,8,"Store 8",East,3,"Back to Office",20002.00,15,2025-04-01,2025-04-16,51
8,1326,7,1137.53,5,4550.12,45.86,20.00,18,Kitchen,492.68,4,"Store 4",South,6,"Black Friday",23229.00,30,2025-08-14,2025-09-13,50
8,1326,7,308.95,3,926.85,30.53,0.00,9,"Home Office",214.62,4,"Store 4",South,6,"Black Friday",23229.00,30,2025-08-14,2025-09-13,49
8,1326,7,308.95,3,926.85,30.53,0.00,9,"Home Office",214.62,4,"Store 4",South,6,"Black Friday",23229.00,30,2025-08-14,2025-09-13,49
9,1442,4,308.95,2,617.90,30.53,0.00,9,"Home Office",214.62,1,"Store 1",Central,6,"Black Friday",23229.00,30,2025-08-14,2025-09-13,126
9,1442,4,337.59,5,1687.95,41.42,0.00,1,Electronics,197.77,1,"Store 1",Central,6,"Black Friday",23229.00,30,2025-08-14,2025-09-13,6
10,1481,2,531.47,2,956.65,40.28,10.00,28,Beauty,285.65,2,"Store 2",South,6,"Black Friday",23229.00,30,2025-08-14,2025-09-13,101
13,1100,7,494.95,2,791.92,21.78,20.00,21,Fitness,309.71,11,"Store 11",West,1,"Winter Sale",7612.00,29,2025-01-01,2025-01-30,10
13,1100,7,494.95,4,1880.81,34.13,5.00,21,Fitness,309.71,11,"Store 11",West,1,"Winter Sale",7612.00,29,2025-01-01,2025-01-30,10
13,1357,7,323.46,6,1940.76,61.75,0.00,19,Kitchen,123.72,2,"Store 2",South,2,"Spring Refresh",21408.00,28,2025-02-15,2025-03-15,54
13,1357,7,372.01,6,2232.06,40.16,0.00,17,Kitchen,222.61,2,"Store 2",South,2,"Spring Refresh",21408.00,28,2025-02-15,2025-03-15,144
13,1100,7,987.96,6,5927.76,48.97,0.00,10,"Home Office",504.14,11,"Store 11",West,1,"Winter Sale",7612.00,29,2025-01-01,2025-01-30,110
14,1148,4,185.84,4,743.36,42.49,0.00,12,"Home Office",106.88,5,"Store 5",West,4,"Summer Deals",22662.00,33,2025-05-16,2025-06-18,49
14,1148,4,695.81,4,2226.59,21.93,20.00,11,"Home Office",434.59,5,"Store 5",West,4,"Summer Deals",22662.00,33,2025-05-16,2025-06-18,15
15,1254,4,494.95,2,989.90,37.43,0.00,21,Fitness,309.71,7,"Store 7",South,6,"Black Friday",23229.00,30,2025-08-14,2025-09-13,62
15,1314,5,362.44,2,579.90,26.82,20.00,16,Kitchen,212.18,13,"Store 13",South,3,"Back to Office",20002.00,15,2025-04-01,2025-04-16,44
15,1314,5,932.63,5,3730.52,37.23,20.00,15,Kitchen,468.32,13,"Store 13",South,3,"Back to Office",20002.00,15,2025-04-01,2025-04-16,23
15,1254,4,1169.36,6,5963.74,32.78,15.00,5,Electronics,668.11,7,"Store 7",South,6,"Black Friday",23229.00,30,2025-08-14,2025-09-13,96
15,1565,6,279.16,4,949.14,50.38,15.00,3,Electronics,117.74,12,"Store 12",East,5,"VIP Loyalty",16481.00,33,2025-06-30,2025-08-02,83
15,1254,4,1176.77,2,2353.54,31.70,0.00,2,Electronics,803.79,7,"Store 7",South,6,"Black Friday",23229.00,30,2025-08-14,2025-09-13,33
16,1122,7,999.00,2,1798.20,33.27,10.00,30,Electronics,600.00,12,"Store 12",East,2,"Spring Refresh",21408.00,28,2025-02-15,2025-03-15,71
16,1509,6,531.47,6,3188.82,46.25,0.00,28,Beauty,285.65,15,"Store 15",South,1,"Winter Sale",7612.00,29,2025-01-01,2025-01-30,151
16,1449,5,494.95,6,2969.70,37.43,0.00,21,Fitness,309.71,10,"Store 10",Central,5,"VIP Loyalty",16481.00,33,2025-06-30,2025-08-02,84
16,1122,7,932.63,5,3963.68,40.92,15.00,15,Kitchen,468.32,12,"Store 12",East,2,"Spring Refresh",21408.00,28,2025-02-15,2025-03-15,155
16,1346,7,185.84,1,185.84,42.49,0.00,12,"Home Office",106.88,7,"Store 7",South,6,"Black Friday",23229.00,30,2025-08-14,2025-09-13,78
16,1122,7,185.84,3,557.52,42.49,0.00,12,"Home Office",106.88,12,"Store 12",East,2,"Spring Refresh",21408.00,28,2025-02-15,2025-03-15,35
16,1346,7,768.34,4,3073.36,34.89,0.00,6,Electronics,500.28,7,"Store 7",South,6,"Black Friday",23229.00,30,2025-08-14,2025-09-13,97
16,1074,7,851.96,2,1363.14,49.92,20.00,4,Electronics,341.32,5,"Store 5",West,2,"Spring Refresh",21408.00,28,2025-02-15,2025-03-15,26
16,1074,7,279.16,4,1116.64,57.82,0.00,3,Electronics,117.74,5,"Store 5",West,2,"Spring Refresh",21408.00,28,2025-02-15,2025-03-15,98
16,1509,6,337.59,1,337.59,41.42,0.00,1,Electronics,197.77,15,"Store 15",South,1,"Winter Sale",7612.00,29,2025-01-01,2025-01-30,52
17,1222,4,79.09,5,395.45,33.29,0.00,27,Beauty,52.76,1,"Store 1",Central,2,"Spring Refresh",21408.00,28,2025-02-15,2025-03-15,141
17,1077,1,514.77,4,1647.26,29.02,20.00,25,Beauty,292.30,10,"Store 10",Central,6,"Black Friday",23229.00,30,2025-08-14,2025-09-13,145
17,1077,1,323.46,1,323.46,61.75,0.00,19,Kitchen,123.72,10,"Store 10",Central,6,"Black Friday",23229.00,30,2025-08-14,2025-09-13,77
17,1077,1,932.63,4,3170.94,40.92,15.00,15,Kitchen,468.32,10,"Store 10",Central,6,"Black Friday",23229.00,30,2025-08-14,2025-09-13,155
17,1506,6,730.73,6,3507.50,16.71,20.00,14,"Home Office",486.88,14,"Store 14",Central,3,"Back to Office",20002.00,15,2025-04-01,2025-04-16,97
17,1222,4,695.81,6,3339.89,21.93,20.00,11,"Home Office",434.59,1,"Store 1",Central,2,"Spring Refresh",21408.00,28,2025-02-15,2025-03-15,22
17,1077,1,695.81,6,4174.86,37.54,0.00,11,"Home Office",434.59,10,"Store 10",Central,6,"Black Friday",23229.00,30,2025-08-14,2025-09-13,175
17,1506,6,1048.28,2,2096.56,42.04,0.00,7,Electronics,607.61,14,"Store 14",Central,3,"Back to Office",20002.00,15,2025-04-01,2025-04-16,149
18,1427,5,531.47,6,3188.82,46.25,0.00,28,Beauty,285.65,4,"Store 4",South,1,"Winter Sale",7612.00,29,2025-01-01,2025-01-30,92
18,1452,2,1090.83,4,4363.32,31.93,0.00,26,Beauty,742.48,1,"Store 1",Central,2,"Spring Refresh",21408.00,28,2025-02-15,2025-03-15,96
18,1390,4,494.95,6,2375.76,21.78,20.00,21,Fitness,309.71,7,"Store 7",South,1,"Winter Sale",7612.00,29,2025-01-01,2025-01-30,62
18,1520,7,323.46,4,1164.46,57.50,10.00,19,Kitchen,123.72,5,"Store 5",West,6,"Black Friday",23229.00,30,2025-08-14,2025-09-13,8
18,1390,4,323.46,6,1940.76,61.75,0.00,19,Kitchen,123.72,7,"Store 7",South,1,"Winter Sale",7612.00,29,2025-01-01,2025-01-30,134
18,1452,2,362.44,5,1449.76,26.82,20.00,16,Kitchen,212.18,1,"Store 1",Central,2,"Spring Refresh",21408.00,28,2025-02-15,2025-03-15,83
18,1520,7,362.44,5,1449.76,26.82,20.00,16,Kitchen,212.18,5,"Store 5",West,6,"Black Friday",23229.00,30,2025-08-14,2025-09-13,143
18,1452,2,109.54,1,87.63,43.84,20.00,13,"Home Office",49.21,1,"Store 1",Central,2,"Spring Refresh",21408.00,28,2025-02-15,2025-03-15,78
18,1520,7,109.54,3,312.19,52.71,5.00,13,"Home Office",49.21,5,"Store 5",West,6,"Black Friday",23229.00,30,2025-08-14,2025-09-13,109
18,1390,4,308.95,3,787.82,18.27,15.00,9,"Home Office",214.62,7,"Store 7",South,1,"Winter Sale",7612.00,29,2025-01-01,2025-01-30,30
18,1427,5,1169.36,1,1169.36,42.87,0.00,5,Electronics,668.11,4,"Store 4",South,1,"Winter Sale",7612.00,29,2025-01-01,2025-01-30,107
19,1437,7,355.18,4,1207.61,47.93,15.00,22,Fitness,157.20,10,"Store 10",Central,5,"VIP Loyalty",16481.00,33,2025-06-30,2025-08-02,125
19,1437,7,494.95,2,989.90,37.43,0.00,21,Fitness,309.71,10,"Store 10",Central,5,"VIP Loyalty",16481.00,33,2025-06-30,2025-08-02,84
20,1363,3,999.00,2,1698.30,29.34,15.00,30,Electronics,600.00,3,"Store 3",West,2,"Spring Refresh",21408.00,28,2025-02-15,2025-03-15,113
20,1079,2,531.47,1,531.47,46.25,0.00,28,Beauty,285.65,5,"Store 5",West,4,"Summer Deals",22662.00,33,2025-05-16,2025-06-18,102
20,1079,2,308.95,1,262.61,18.27,15.00,9,"Home Office",214.62,5,"Store 5",West,4,"Summer Deals",22662.00,33,2025-05-16,2025-06-18,156
21,1040,6,355.18,4,1349.68,53.41,5.00,22,Fitness,157.20,13,"Store 13",South,3,"Back to Office",20002.00,15,2025-04-01,2025-04-16,185
21,1040,6,372.01,1,372.01,40.16,0.00,17,Kitchen,222.61,13,"Store 13",South,3,"Back to Office",20002.00,15,2025-04-01,2025-04-16,48
21,1391,7,109.54,6,525.79,43.84,20.00,13,"Home Office",49.21,12,"Store 12",East,6,"Black Friday",23229.00,30,2025-08-14,2025-09-13,43
21,1040,6,308.95,2,494.32,13.17,20.00,9,"Home Office",214.62,13,"Store 13",South,3,"Back to Office",20002.00,15,2025-04-01,2025-04-16,168
21,1391,7,279.16,5,1186.43,50.38,15.00,3,Electronics,117.74,12,"Store 12",East,6,"Black Friday",23229.00,30,2025-08-14,2025-09-13,83
22,1242,7,494.95,4,1880.81,34.13,5.00,21,Fitness,309.71,10,"Store 10",Central,1,"Winter Sale",7612.00,29,2025-01-01,2025-01-30,84
22,1288,3,932.63,3,2238.31,37.23,20.00,15,Kitchen,468.32,1,"Store 1",Central,3,"Back to Office",20002.00,15,2025-04-01,2025-04-16,68
22,1242,7,730.73,4,2776.77,29.86,5.00,14,"Home Office",486.88,10,"Store 10",Central,1,"Winter Sale",7612.00,29,2025-01-01,2025-01-30,150
22,1198,5,109.54,6,624.38,52.71,5.00,13,"Home Office",49.21,15,"Store 15",South,6,"Black Friday",23229.00,30,2025-08-14,2025-09-13,114
22,1288,3,695.81,4,2644.08,34.25,5.00,11,"Home Office",434.59,1,"Store 1",Central,3,"Back to Office",20002.00,15,2025-04-01,2025-04-16,22
22,1242,7,1048.28,6,6289.68,42.04,0.00,7,Electronics,607.61,10,"Store 10",Central,1,"Winter Sale",7612.00,29,2025-01-01,2025-01-30,76
22,1288,3,1169.36,6,5963.74,32.78,15.00,5,Electronics,668.11,1,"Store 1",Central,3,"Back to Office",20002.00,15,2025-04-01,2025-04-16,16
22,1242,7,337.59,1,303.83,34.91,10.00,1,Electronics,197.77,10,"Store 10",Central,1,"Winter Sale",7612.00,29,2025-01-01,2025-01-30,16
23,1199,2,215.19,2,365.82,55.29,15.00,20,Fitness,81.78,6,"Store 6",East,6,"Black Friday",23229.00,30,2025-08-14,2025-09-13,51
23,1233,7,730.73,4,2338.34,16.71,20.00,14,"Home Office",486.88,10,"Store 10",Central,3,"Back to Office",20002.00,15,2025-04-01,2025-04-16,150
23,1233,7,185.84,4,743.36,42.49,0.00,12,"Home Office",106.88,10,"Store 10",Central,3,"Back to Office",20002.00,15,2025-04-01,2025-04-16,98
23,1233,7,1048.28,4,4193.12,42.04,0.00,7,Electronics,607.61,10,"Store 10",Central,3,"Back to Office",20002.00,15,2025-04-01,2025-04-16,76
23,1199,2,1176.77,5,5295.47,24.11,10.00,2,Electronics,803.79,6,"Store 6",East,6,"Black Friday",23229.00,30,2025-08-14,2025-09-13,153
25,1385,1,514.77,2,1029.54,43.22,0.00,25,Beauty,292.30,4,"Store 4",South,5,"VIP Loyalty",16481.00,33,2025-06-30,2025-08-02,1
25,1385,1,1109.30,6,6655.80,33.49,0.00,24,Fitness,737.83,4,"Store 4",South,5,"VIP Loyalty",16481.00,33,2025-06-30,2025-08-02,164
26,1561,4,514.77,4,1647.26,29.02,20.00,25,Beauty,292.30,8,"Store 8",East,5,"VIP Loyalty",16481.00,33,2025-06-30,2025-08-02,51
28,1039,4,1109.30,3,2662.32,16.86,20.00,24,Fitness,737.83,7,"Store 7",South,4,"Summer Deals",22662.00,33,2025-05-16,2025-06-18,67
28,1039,4,279.16,1,279.16,57.82,0.00,3,Electronics,117.74,7,"Store 7",South,4,"Summer Deals",22662.00,33,2025-05-16,2025-06-18,95
29,1274,5,842.08,2,1431.54,14.46,15.00,29,Beauty,612.25,3,"Store 3",West,5,"VIP Loyalty",16481.00,33,2025-06-30,2025-08-02,53
29,1283,7,531.47,5,2657.35,46.25,0.00,28,Beauty,285.65,3,"Store 3",West,1,"Winter Sale",7612.00,29,2025-01-01,2025-01-30,94
29,1124,2,79.09,2,150.27,29.78,5.00,27,Beauty,52.76,12,"Store 12",East,5,"VIP Loyalty",16481.00,33,2025-06-30,2025-08-02,31
29,1283,7,355.18,6,1811.42,47.93,15.00,22,Fitness,157.20,3,"Store 3",West,1,"Winter Sale",7612.00,29,2025-01-01,2025-01-30,77
29,1244,3,932.63,6,5036.20,44.21,10.00,15,Kitchen,468.32,12,"Store 12",East,5,"VIP Loyalty",16481.00,33,2025-06-30,2025-08-02,155
29,1005,1,730.73,4,2776.77,29.86,5.00,14,"Home Office",486.88,14,"Store 14",Central,6,"Black Friday",23229.00,30,2025-08-14,2025-09-13,97
29,1283,7,185.84,1,167.26,36.10,10.00,12,"Home Office",106.88,3,"Store 3",West,1,"Winter Sale",7612.00,29,2025-01-01,2025-01-30,50
29,1274,5,695.81,3,2087.43,37.54,0.00,11,"Home Office",434.59,3,"Store 3",West,5,"VIP Loyalty",16481.00,33,2025-06-30,2025-08-02,90
29,1124,2,578.63,4,2083.07,45.97,10.00,8,Electronics,281.38,12,"Store 12",East,5,"VIP Loyalty",16481.00,33,2025-06-30,2025-08-02,6
29,1244,3,768.34,1,614.67,18.61,20.00,6,Electronics,500.28,12,"Store 12",East,5,"VIP Loyalty",16481.00,33,2025-06-30,2025-08-02,97
29,1244,3,1176.77,3,3530.31,31.70,0.00,2,Electronics,803.79,12,"Store 12",East,5,"VIP Loyalty",16481.00,33,2025-06-30,2025-08-02,11
30,1182,5,362.44,3,1032.95,38.38,5.00,16,Kitchen,212.18,12,"Store 12",East,2,"Spring Refresh",21408.00,28,2025-02-15,2025-03-15,17
34,1158,7,1090.83,6,5890.48,24.37,10.00,26,Beauty,742.48,6,"Store 6",East,2,"Spring Refresh",21408.00,28,2025-02-15,2025-03-15,10
34,1158,7,845.96,3,2030.30,33.55,20.00,23,Fitness,449.72,6,"Store 6",East,2,"Spring Refresh",21408.00,28,2025-02-15,2025-03-15,119
34,1446,3,215.19,4,860.76,62.00,0.00,20,Fitness,81.78,14,"Store 14",Central,6,"Black Friday",23229.00,30,2025-08-14,2025-09-13,180
35,1139,2,494.95,4,1781.82,30.47,10.00,21,Fitness,309.71,8,"Store 8",East,3,"Back to Office",20002.00,15,2025-04-01,2025-04-16,166
35,1139,2,987.96,4,3161.47,36.21,20.00,10,"Home Office",504.14,8,"Store 8",East,3,"Back to Office",20002.00,15,2025-04-01,2025-04-16,182
35,1340,7,1169.36,1,1110.89,39.86,5.00,5,Electronics,668.11,3,"Store 3",West,2,"Spring Refresh",21408.00,28,2025-02-15,2025-03-15,196
35,1139,2,279.16,3,837.48,57.82,0.00,3,Electronics,117.74,8,"Store 8",East,3,"Back to Office",20002.00,15,2025-04-01,2025-04-16,10
36,1311,4,845.96,1,845.96,46.84,0.00,23,Fitness,449.72,13,"Store 13",South,5,"VIP Loyalty",16481.00,33,2025-06-30,2025-08-02,56
36,1311,4,372.01,1,316.21,29.60,15.00,17,Kitchen,222.61,13,"Store 13",South,5,"VIP Loyalty",16481.00,33,2025-06-30,2025-08-02,48
37,1225,5,215.19,6,1097.47,55.29,15.00,20,Fitness,81.78,14,"Store 14",Central,5,"VIP Loyalty",16481.00,33,2025-06-30,2025-08-02,180
37,1225,5,323.46,5,1536.44,59.74,5.00,19,Kitchen,123.72,14,"Store 14",Central,5,"VIP Loyalty",16481.00,33,2025-06-30,2025-08-02,188
37,1225,5,109.54,2,197.17,50.08,10.00,13,"Home Office",49.21,14,"Store 14",Central,5,"VIP Loyalty",16481.00,33,2025-06-30,2025-08-02,165
37,1269,3,185.84,4,743.36,42.49,0.00,12,"Home Office",106.88,11,"Store 11",West,2,"Spring Refresh",21408.00,28,2025-02-15,2025-03-15,1
37,1333,6,1176.77,6,7060.62,31.70,0.00,2,Electronics,803.79,8,"Store 8",East,1,"Winter Sale",7612.00,29,2025-01-01,2025-01-30,163
37,1225,5,1176.77,2,2353.54,31.70,0.00,2,Electronics,803.79,14,"Store 14",Central,5,"VIP Loyalty",16481.00,33,2025-06-30,2025-08-02,17
39,1080,5,842.08,5,4210.40,27.29,0.00,29,Beauty,612.25,10,"Store 10",Central,1,"Winter Sale",7612.00,29,2025-01-01,2025-01-30,161
39,1186,6,1090.83,2,2181.66,31.93,0.00,26,Beauty,742.48,12,"Store 12",East,6,"Black Friday",23229.00,30,2025-08-14,2025-09-13,45
39,1031,6,845.96,4,3383.84,46.84,0.00,23,Fitness,449.72,8,"Store 8",East,5,"VIP Loyalty",16481.00,33,2025-06-30,2025-08-02,34
39,1031,6,355.18,1,337.42,53.41,5.00,22,Fitness,157.20,8,"Store 8",East,5,"VIP Loyalty",16481.00,33,2025-06-30,2025-08-02,95
39,1080,5,355.18,5,1509.52,47.93,15.00,22,Fitness,157.20,10,"Store 10",Central,1,"Winter Sale",7612.00,29,2025-01-01,2025-01-30,125
39,1461,4,372.01,1,334.81,33.51,10.00,17,Kitchen,222.61,6,"Store 6",East,2,"Spring Refresh",21408.00,28,2025-02-15,2025-03-15,150
40,1019,4,999.00,3,2997.00,39.94,0.00,30,Electronics,600.00,13,"Store 13",South,1,"Winter Sale",7612.00,29,2025-01-01,2025-01-30,83
40,1054,2,531.47,1,478.32,40.28,10.00,28,Beauty,285.65,3,"Store 3",West,2,"Spring Refresh",21408.00,28,2025-02-15,2025-03-15,94
40,1054,2,1169.36,1,1169.36,42.87,0.00,5,Electronics,668.11,3,"Store 3",West,2,"Spring Refresh",21408.00,28,2025-02-15,2025-03-15,196
41,1584,3,842.08,5,3789.36,19.21,10.00,29,Beauty,612.25,15,"Store 15",South,1,"Winter Sale",7612.00,29,2025-01-01,2025-01-30,79
41,1584,3,1090.83,5,4636.03,19.92,15.00,26,Beauty,742.48,15,"Store 15",South,1,"Winter Sale",7612.00,29,2025-01-01,2025-01-30,109
42,1029,2,1109.30,1,1053.84,29.99,5.00,24,Fitness,737.83,1,"Store 1",Central,5,"VIP Loyalty",16481.00,33,2025-06-30,2025-08-02,82
43,1209,1,79.09,6,403.36,21.52,15.00,27,Beauty,52.76,12,"Store 12",East,1,"Winter Sale",7612.00,29,2025-01-01,2025-01-30,31
43,1205,6,514.77,1,411.82,29.02,20.00,25,Beauty,292.30,15,"Store 15",South,1,"Winter Sale",7612.00,29,2025-01-01,2025-01-30,162
43,1205,6,323.46,6,1940.76,61.75,0.00,19,Kitchen,123.72,15,"Store 15",South,1,"Winter Sale",7612.00,29,2025-01-01,2025-01-30,101
43,1458,1,1137.53,2,2161.31,54.41,5.00,18,Kitchen,492.68,2,"Store 2",South,1,"Winter Sale",7612.00,29,2025-01-01,2025-01-30,123
43,1489,6,695.81,6,4174.86,37.54,0.00,11,"Home Office",434.59,11,"Store 11",West,1,"Winter Sale",7612.00,29,2025-01-01,2025-01-30,84
43,1458,1,578.63,5,2893.15,51.37,0.00,8,Electronics,281.38,2,"Store 2",South,1,"Winter Sale",7612.00,29,2025-01-01,2025-01-30,167
43,1458,1,1169.36,1,935.49,28.58,20.00,5,Electronics,668.11,2,"Store 2",South,1,"Winter Sale",7612.00,29,2025-01-01,2025-01-30,174
43,1489,6,851.96,3,2555.88,59.94,0.00,4,Electronics,341.32,11,"Store 11",West,1,"Winter Sale",7612.00,29,2025-01-01,2025-01-30,73
43,1205,6,1176.77,1,1176.77,31.70,0.00,2,Electronics,803.79,15,"Store 15",South,1,"Winter Sale",7612.00,29,2025-01-01,2025-01-30,45
44,1021,1,932.63,3,2378.21,40.92,15.00,15,Kitchen,468.32,13,"Store 13",South,2,"Spring Refresh",21408.00,28,2025-02-15,2025-03-15,23
44,1021,1,308.95,5,1544.75,30.53,0.00,9,"Home Office",214.62,13,"Store 13",South,2,"Spring Refresh",21408.00,28,2025-02-15,2025-03-15,168
44,1021,1,279.16,4,1116.64,57.82,0.00,3,Electronics,117.74,13,"Store 13",South,2,"Spring Refresh",21408.00,28,2025-02-15,2025-03-15,166
45,1134,1,514.77,3,1544.31,43.22,0.00,25,Beauty,292.30,1,"Store 1",Central,4,"Summer Deals",22662.00,33,2025-05-16,2025-06-18,61
45,1134,1,932.63,4,3730.52,49.79,0.00,15,Kitchen,468.32,1,"Store 1",Central,4,"Summer Deals",22662.00,33,2025-05-16,2025-06-18,68
45,1134,1,185.84,5,882.74,39.46,5.00,12,"Home Office",106.88,1,"Store 1",Central,4,"Summer Deals",22662.00,33,2025-05-16,2025-06-18,7
45,1418,5,695.81,5,2957.19,26.52,15.00,11,"Home Office",434.59,10,"Store 10",Central,5,"VIP Loyalty",16481.00,33,2025-06-30,2025-08-02,175
46,1014,4,215.19,4,774.68,57.77,10.00,20,Fitness,81.78,6,"Store 6",East,5,"VIP Loyalty",16481.00,33,2025-06-30,2025-08-02,51
46,1194,5,932.63,5,3963.68,40.92,15.00,15,Kitchen,468.32,7,"Store 7",South,3,"Back to Office",20002.00,15,2025-04-01,2025-04-16,195
46,1014,4,768.34,1,768.34,34.89,0.00,6,Electronics,500.28,6,"Store 6",East,5,"VIP Loyalty",16481.00,33,2025-06-30,2025-08-02,87
46,1194,5,337.59,4,1080.29,26.77,20.00,1,Electronics,197.77,7,"Store 7",South,3,"Back to Office",20002.00,15,2025-04-01,2025-04-16,86
47,1450,3,355.18,2,710.36,55.74,0.00,22,Fitness,157.20,9,"Store 9",Central,2,"Spring Refresh",21408.00,28,2025-02-15,2025-03-15,193
47,1152,2,215.19,4,774.68,57.77,10.00,20,Fitness,81.78,6,"Store 6",East,6,"Black Friday",23229.00,30,2025-08-14,2025-09-13,51
47,1152,2,185.84,3,446.02,28.11,20.00,12,"Home Office",106.88,6,"Store 6",East,6,"Black Friday",23229.00,30,2025-08-14,2025-09-13,129
47,1123,5,185.84,3,529.64,39.46,5.00,12,"Home Office",106.88,9,"Store 9",Central,4,"Summer Deals",22662.00,33,2025-05-16,2025-06-18,64
47,1056,7,987.96,4,3161.47,36.21,20.00,10,"Home Office",504.14,11,"Store 11",West,3,"Back to Office",20002.00,15,2025-04-01,2025-04-16,110
47,1056,7,578.63,5,2893.15,51.37,0.00,8,Electronics,281.38,11,"Store 11",West,3,"Back to Office",20002.00,15,2025-04-01,2025-04-16,52
47,1056,7,1048.28,3,2673.11,31.81,15.00,7,Electronics,607.61,11,"Store 11",West,3,"Back to Office",20002.00,15,2025-04-01,2025-04-16,44
47,1123,5,1176.77,5,4707.08,14.62,20.00,2,Electronics,803.79,9,"Store 9",Central,4,"Summer Deals",22662.00,33,2025-05-16,2025-06-18,194
48,1436,2,1090.83,5,4363.32,14.92,20.00,26,Beauty,742.48,13,"Store 13",South,6,"Black Friday",23229.00,30,2025-08-14,2025-09-13,56
48,1436,2,1176.77,3,3530.31,31.70,0.00,2,Electronics,803.79,13,"Store 13",South,6,"Black Friday",23229.00,30,2025-08-14,2025-09-13,170
49,1392,4,531.47,2,1062.94,46.25,0.00,28,Beauty,285.65,9,"Store 9",Central,1,"Winter Sale",7612.00,29,2025-01-01,2025-01-30,200
49,1392,4,514.77,6,3088.62,43.22,0.00,25,Beauty,292.30,9,"Store 9",Central,1,"Winter Sale",7612.00,29,2025-01-01,2025-01-30,184
51,1067,5,185.84,1,148.67,28.11,20.00,12,"Home Office",106.88,14,"Store 14",Central,2,"Spring Refresh",21408.00,28,2025-02-15,2025-03-15,170
51,1067,5,851.96,3,2428.09,57.83,5.00,4,Electronics,341.32,14,"Store 14",Central,2,"Spring Refresh",21408.00,28,2025-02-15,2025-03-15,157
52,1033,7,999.00,4,3996.00,39.94,0.00,30,Electronics,600.00,7,"Store 7",South,4,"Summer Deals",22662.00,33,2025-05-16,2025-06-18,81
52,1329,1,845.96,3,2284.09,40.93,10.00,23,Fitness,449.72,14,"Store 14",Central,2,"Spring Refresh",21408.00,28,2025-02-15,2025-03-15,75
52,1490,2,215.19,6,1291.14,62.00,0.00,20,Fitness,81.78,10,"Store 10",Central,4,"Summer Deals",22662.00,33,2025-05-16,2025-06-18,43
52,1033,7,185.84,2,315.93,32.34,15.00,12,"Home Office",106.88,7,"Store 7",South,4,"Summer Deals",22662.00,33,2025-05-16,2025-06-18,78
52,1329,1,695.81,6,4174.86,37.54,0.00,11,"Home Office",434.59,14,"Store 14",Central,2,"Spring Refresh",21408.00,28,2025-02-15,2025-03-15,95
52,1033,7,279.16,1,279.16,57.82,0.00,3,Electronics,117.74,7,"Store 7",South,4,"Summer Deals",22662.00,33,2025-05-16,2025-06-18,95
55,1569,1,323.46,4,1293.84,61.75,0.00,19,Kitchen,123.72,1,"Store 1",Central,6,"Black Friday",23229.00,30,2025-08-14,2025-09-13,173
55,1591,4,362.44,2,688.64,38.38,5.00,16,Kitchen,212.18,14,"Store 14",Central,5,"VIP Loyalty",16481.00,33,2025-06-30,2025-08-02,59
55,1569,1,695.81,1,695.81,37.54,0.00,11,"Home Office",434.59,1,"Store 1",Central,6,"Black Friday",23229.00,30,2025-08-14,2025-09-13,22
55,1531,1,308.95,3,787.82,18.27,15.00,9,"Home Office",214.62,11,"Store 11",West,1,"Winter Sale",7612.00,29,2025-01-01,2025-01-30,100
55,1591,4,279.16,3,711.86,50.38,15.00,3,Electronics,117.74,14,"Store 14",Central,5,"VIP Loyalty",16481.00,33,2025-06-30,2025-08-02,4
55,1569,1,337.59,4,1215.32,34.91,10.00,1,Electronics,197.77,1,"Store 1",Central,6,"Black Friday",23229.00,30,2025-08-14,2025-09-13,6
56,1576,6,842.08,2,1347.33,9.12,20.00,29,Beauty,612.25,2,"Store 2",South,2,"Spring Refresh",21408.00,28,2025-02-15,2025-03-15,169
56,1576,6,842.08,5,4210.40,27.29,0.00,29,Beauty,612.25,2,"Store 2",South,2,"Spring Refresh",21408.00,28,2025-02-15,2025-03-15,169
56,1303,4,514.77,4,2059.08,43.22,0.00,25,Beauty,292.30,9,"Store 9",Central,5,"VIP Loyalty",16481.00,33,2025-06-30,2025-08-02,184
56,1576,6,185.84,1,148.67,28.11,20.00,12,"Home Office",106.88,2,"Store 2",South,2,"Spring Refresh",21408.00,28,2025-02-15,2025-03-15,35
56,1576,6,308.95,3,741.48,13.17,20.00,9,"Home Office",214.62,2,"Store 2",South,2,"Spring Refresh",21408.00,28,2025-02-15,2025-03-15,71
56,1324,4,768.34,4,2919.69,31.46,5.00,6,Electronics,500.28,14,"Store 14",Central,6,"Black Friday",23229.00,30,2025-08-14,2025-09-13,193
57,1171,7,842.08,1,842.08,27.29,0.00,29,Beauty,612.25,6,"Store 6",East,5,"VIP Loyalty",16481.00,33,2025-06-30,2025-08-02,120
57,1171,7,531.47,2,1062.94,46.25,0.00,28,Beauty,285.65,6,"Store 6",East,5,"VIP Loyalty",16481.00,33,2025-06-30,2025-08-02,177
57,1149,6,1090.83,6,6544.98,31.93,0.00,26,Beauty,742.48,12,"Store 12",East,3,"Back to Office",20002.00,15,2025-04-01,2025-04-16,45
57,1466,5,514.77,1,514.77,43.22,0.00,25,Beauty,292.30,10,"Store 10",Central,4,"Summer Deals",22662.00,33,2025-05-16,2025-06-18,145
57,1171,7,1109.30,4,4437.20,33.49,0.00,24,Fitness,737.83,6,"Store 6",East,5,"VIP Loyalty",16481.00,33,2025-06-30,2025-08-02,163
57,1466,5,578.63,1,578.63,51.37,0.00,8,Electronics,281.38,10,"Store 10",Central,4,"Summer Deals",22662.00,33,2025-05-16,2025-06-18,172
60,1554,1,531.47,6,2551.06,32.82,20.00,28,Beauty,285.65,7,"Store 7",South,4,"Summer Deals",22662.00,33,2025-05-16,2025-06-18,50
60,1554,1,932.63,4,3730.52,49.79,0.00,15,Kitchen,468.32,7,"Store 7",South,4,"Summer Deals",22662.00,33,2025-05-16,2025-06-18,195
60,1554,1,1169.36,1,1169.36,42.87,0.00,5,Electronics,668.11,7,"Store 7",South,4,"Summer Deals",22662.00,33,2025-05-16,2025-06-18,96
60,1554,1,279.16,2,446.66,47.28,20.00,3,Electronics,117.74,7,"Store 7",South,4,"Summer Deals",22662.00,33,2025-05-16,2025-06-18,95
61,1291,7,372.01,1,353.41,37.01,5.00,17,Kitchen,222.61,11,"Store 11",West,2,"Spring Refresh",21408.00,28,2025-02-15,2025-03-15,147
61,1291,7,185.84,5,929.20,42.49,0.00,12,"Home Office",106.88,11,"Store 11",West,2,"Spring Refresh",21408.00,28,2025-02-15,2025-03-15,1
63,1328,7,999.00,3,2847.15,36.78,5.00,30,Electronics,600.00,13,"Store 13",South,3,"Back to Office",20002.00,15,2025-04-01,2025-04-16,83
63,1163,5,531.47,1,425.18,32.82,20.00,28,Beauty,285.65,6,"Store 6",East,6,"Black Friday",23229.00,30,2025-08-14,2025-09-13,177
63,1503,3,79.09,2,126.54,16.61,20.00,27,Beauty,52.76,7,"Store 7",South,1,"Winter Sale",7612.00,29,2025-01-01,2025-01-30,173
63,1163,5,1137.53,4,4550.12,56.69,0.00,18,Kitchen,492.68,6,"Store 6",East,6,"Black Friday",23229.00,30,2025-08-14,2025-09-13,76
63,1328,7,768.34,6,3688.03,18.61,20.00,6,Electronics,500.28,13,"Store 13",South,3,"Back to Office",20002.00,15,2025-04-01,2025-04-16,3
63,1455,1,1176.77,3,2824.25,14.62,20.00,2,Electronics,803.79,11,"Store 11",West,2,"Spring Refresh",21408.00,28,2025-02-15,2025-03-15,70
63,1455,1,337.59,2,573.90,31.08,15.00,1,Electronics,197.77,11,"Store 11",West,2,"Spring Refresh",21408.00,28,2025-02-15,2025-03-15,102
64,1518,4,1137.53,3,2730.07,45.86,20.00,18,Kitchen,492.68,13,"Store 13",South,6,"Black Friday",23229.00,30,2025-08-14,2025-09-13,11
64,1518,4,337.59,1,320.71,38.33,5.00,1,Electronics,197.77,13,"Store 13",South,6,"Black Friday",23229.00,30,2025-08-14,2025-09-13,91
67,1483,3,372.01,5,1767.05,37.01,5.00,17,Kitchen,222.61,11,"Store 11",West,4,"Summer Deals",22662.00,33,2025-05-16,2025-06-18,147
67,1483,3,932.63,3,2518.10,44.21,10.00,15,Kitchen,468.32,11,"Store 11",West,4,"Summer Deals",22662.00,33,2025-05-16,2025-06-18,128
67,1185,4,987.96,5,3951.84,36.21,20.00,10,"Home Office",504.14,1,"Store 1",Central,3,"Back to Office",20002.00,15,2025-04-01,2025-04-16,162
67,1185,4,279.16,5,1326.01,55.60,5.00,3,Electronics,117.74,1,"Store 1",Central,3,"Back to Office",20002.00,15,2025-04-01,2025-04-16,192
67,1185,4,337.59,3,1012.77,41.42,0.00,1,Electronics,197.77,1,"Store 1",Central,3,"Back to Office",20002.00,15,2025-04-01,2025-04-16,6
70,1028,7,185.84,2,334.51,36.10,10.00,12,"Home Office",106.88,5,"Store 5",West,1,"Winter Sale",7612.00,29,2025-01-01,2025-01-30,49
71,1413,3,842.08,3,2273.62,19.21,10.00,29,Beauty,612.25,6,"Store 6",East,2,"Spring Refresh",21408.00,28,2025-02-15,2025-03-15,120
71,1429,4,845.96,5,4229.80,46.84,0.00,23,Fitness,449.72,14,"Store 14",Central,1,"Winter Sale",7612.00,29,2025-01-01,2025-01-30,75
71,1429,4,215.19,1,193.67,57.77,10.00,20,Fitness,81.78,14,"Store 14",Central,1,"Winter Sale",7612.00,29,2025-01-01,2025-01-30,180
71,1429,4,362.44,6,2174.64,41.46,0.00,16,Kitchen,212.18,14,"Store 14",Central,1,"Winter Sale",7612.00,29,2025-01-01,2025-01-30,59
71,1429,4,730.73,5,3288.29,25.97,10.00,14,"Home Office",486.88,14,"Store 14",Central,1,"Winter Sale",7612.00,29,2025-01-01,2025-01-30,97
71,1125,6,185.84,2,371.68,42.49,0.00,12,"Home Office",106.88,11,"Store 11",West,6,"Black Friday",23229.00,30,2025-08-14,2025-09-13,1
71,1125,6,768.34,5,3265.45,23.40,15.00,6,Electronics,500.28,11,"Store 11",West,6,"Black Friday",23229.00,30,2025-08-14,2025-09-13,63
71,1125,6,768.34,6,3688.03,18.61,20.00,6,Electronics,500.28,11,"Store 11",West,6,"Black Friday",23229.00,30,2025-08-14,2025-09-13,63
71,1413,3,279.16,3,753.73,53.14,10.00,3,Electronics,117.74,6,"Store 6",East,2,"Spring Refresh",21408.00,28,2025-02-15,2025-03-15,85
72,1358,5,842.08,1,842.08,27.29,0.00,29,Beauty,612.25,12,"Store 12",East,4,"Summer Deals",22662.00,33,2025-05-16,2025-06-18,43
72,1358,5,1090.83,2,1963.49,24.37,10.00,26,Beauty,742.48,12,"Store 12",East,4,"Summer Deals",22662.00,33,2025-05-16,2025-06-18,45
72,1358,5,845.96,6,4821.97,44.04,5.00,23,Fitness,449.72,12,"Store 12",East,4,"Summer Deals",22662.00,33,2025-05-16,2025-06-18,53
72,1358,5,109.54,5,547.70,55.08,0.00,13,"Home Office",49.21,12,"Store 12",East,4,"Summer Deals",22662.00,33,2025-05-16,2025-06-18,43
72,1578,5,768.34,6,4610.04,34.89,0.00,6,Electronics,500.28,1,"Store 1",Central,2,"Spring Refresh",21408.00,28,2025-02-15,2025-03-15,36
74,1432,3,1176.77,6,6354.56,24.11,10.00,2,Electronics,803.79,12,"Store 12",East,3,"Back to Office",20002.00,15,2025-04-01,2025-04-16,11
75,1065,7,79.09,6,450.81,29.78,5.00,27,Beauty,52.76,12,"Store 12",East,4,"Summer Deals",22662.00,33,2025-05-16,2025-06-18,31
75,1065,7,79.09,6,474.54,33.29,0.00,27,Beauty,52.76,12,"Store 12",East,4,"Summer Deals",22662.00,33,2025-05-16,2025-06-18,31
75,1065,7,845.96,4,2876.26,37.46,15.00,23,Fitness,449.72,12,"Store 12",East,4,"Summer Deals",22662.00,33,2025-05-16,2025-06-18,53
76,1527,3,987.96,4,3359.06,39.97,15.00,10,"Home Office",504.14,6,"Store 6",East,6,"Black Friday",23229.00,30,2025-08-14,2025-09-13,84
76,1527,3,987.96,5,3951.84,36.21,20.00,10,"Home Office",504.14,6,"Store 6",East,6,"Black Friday",23229.00,30,2025-08-14,2025-09-13,84
76,1527,3,1048.28,3,2515.87,27.55,20.00,7,Electronics,607.61,6,"Store 6",East,6,"Black Friday",23229.00,30,2025-08-14,2025-09-13,26
76,1527,3,279.16,6,1339.97,47.28,20.00,3,Electronics,117.74,6,"Store 6",East,6,"Black Friday",23229.00,30,2025-08-14,2025-09-13,85
77,1361,5,514.77,6,2470.90,29.02,20.00,25,Beauty,292.30,1,"Store 1",Central,3,"Back to Office",20002.00,15,2025-04-01,2025-04-16,61
77,1217,2,109.54,4,416.25,52.71,5.00,13,"Home Office",49.21,8,"Store 8",East,1,"Winter Sale",7612.00,29,2025-01-01,2025-01-30,140
77,1245,3,185.84,2,371.68,42.49,0.00,12,"Home Office",106.88,9,"Store 9",Central,4,"Summer Deals",22662.00,33,2025-05-16,2025-06-18,64
77,1245,3,578.63,2,983.67,42.79,15.00,8,Electronics,281.38,9,"Store 9",Central,4,"Summer Deals",22662.00,33,2025-05-16,2025-06-18,103
77,1361,5,1048.28,3,3144.84,42.04,0.00,7,Electronics,607.61,1,"Store 1",Central,3,"Back to Office",20002.00,15,2025-04-01,2025-04-16,141
77,1245,3,1169.36,2,1987.91,32.78,15.00,5,Electronics,668.11,9,"Store 9",Central,4,"Summer Deals",22662.00,33,2025-05-16,2025-06-18,121
77,1217,2,279.16,4,893.31,47.28,20.00,3,Electronics,117.74,8,"Store 8",East,1,"Winter Sale",7612.00,29,2025-01-01,2025-01-30,10
78,1214,4,1137.53,6,5801.40,49.05,15.00,18,Kitchen,492.68,15,"Store 15",South,4,"Summer Deals",22662.00,33,2025-05-16,2025-06-18,62
78,1533,1,578.63,1,520.77,45.97,10.00,8,Electronics,281.38,5,"Store 5",West,5,"VIP Loyalty",16481.00,33,2025-06-30,2025-08-02,110
78,1214,4,1048.28,4,3564.15,31.81,15.00,7,Electronics,607.61,15,"Store 15",South,4,"Summer Deals",22662.00,33,2025-05-16,2025-06-18,184
79,1061,1,1090.83,5,5181.44,28.35,5.00,26,Beauty,742.48,1,"Store 1",Central,1,"Winter Sale",7612.00,29,2025-01-01,2025-01-30,96
79,1061,1,987.96,1,987.96,48.97,0.00,10,"Home Office",504.14,1,"Store 1",Central,1,"Winter Sale",7612.00,29,2025-01-01,2025-01-30,162
81,1581,3,999.00,4,3796.20,36.78,5.00,30,Electronics,600.00,11,"Store 11",West,2,"Spring Refresh",21408.00,28,2025-02-15,2025-03-15,24
81,1581,3,1090.83,4,4145.15,28.35,5.00,26,Beauty,742.48,11,"Store 11",West,2,"Spring Refresh",21408.00,28,2025-02-15,2025-03-15,178
81,1012,3,514.77,6,2625.33,33.20,15.00,25,Beauty,292.30,11,"Store 11",West,5,"VIP Loyalty",16481.00,33,2025-06-30,2025-08-02,158
82,1210,3,845.96,1,845.96,46.84,0.00,23,Fitness,449.72,12,"Store 12",East,2,"Spring Refresh",21408.00,28,2025-02-15,2025-03-15,53
82,1210,3,308.95,1,262.61,18.27,15.00,9,"Home Office",214.62,12,"Store 12",East,2,"Spring Refresh",21408.00,28,2025-02-15,2025-03-15,190
83,1544,6,845.96,2,1691.92,46.84,0.00,23,Fitness,449.72,10,"Store 10",Central,2,"Spring Refresh",21408.00,28,2025-02-15,2025-03-15,35
83,1544,6,215.19,3,645.57,62.00,0.00,20,Fitness,81.78,10,"Store 10",Central,2,"Spring Refresh",21408.00,28,2025-02-15,2025-03-15,43
83,1253,3,185.84,3,557.52,42.49,0.00,12,"Home Office",106.88,3,"Store 3",West,3,"Back to Office",20002.00,15,2025-04-01,2025-04-16,50
84,1238,2,185.84,3,501.77,36.10,10.00,12,"Home Office",106.88,2,"Store 2",South,5,"VIP Loyalty",16481.00,33,2025-06-30,2025-08-02,35
84,1238,2,987.96,4,3161.47,36.21,20.00,10,"Home Office",504.14,2,"Store 2",South,5,"VIP Loyalty",16481.00,33,2025-06-30,2025-08-02,89
84,1396,1,768.34,6,4610.04,34.89,0.00,6,Electronics,500.28,6,"Store 6",East,3,"Back to Office",20002.00,15,2025-04-01,2025-04-16,87
84,1238,2,851.96,4,3407.84,59.94,0.00,4,Electronics,341.32,2,"Store 2",South,5,"VIP Loyalty",16481.00,33,2025-06-30,2025-08-02,158
85,1573,2,531.47,2,956.65,40.28,10.00,28,Beauty,285.65,8,"Store 8",East,5,"VIP Loyalty",16481.00,33,2025-06-30,2025-08-02,132
85,1573,2,1090.83,4,3490.66,14.92,20.00,26,Beauty,742.48,8,"Store 8",East,5,"VIP Loyalty",16481.00,33,2025-06-30,2025-08-02,134
86,1492,5,999.00,6,5994.00,39.94,0.00,30,Electronics,600.00,2,"Store 2",South,4,"Summer Deals",22662.00,33,2025-05-16,2025-06-18,174
87,1517,2,514.77,5,2059.08,29.02,20.00,25,Beauty,292.30,1,"Store 1",Central,1,"Winter Sale",7612.00,29,2025-01-01,2025-01-30,61
87,1517,2,514.77,1,437.55,33.20,15.00,25,Beauty,292.30,1,"Store 1",Central,1,"Winter Sale",7612.00,29,2025-01-01,2025-01-30,61
87,1517,2,215.19,5,1075.95,62.00,0.00,20,Fitness,81.78,1,"Store 1",Central,1,"Winter Sale",7612.00,29,2025-01-01,2025-01-30,81
87,1113,5,932.63,3,2797.89,49.79,0.00,15,Kitchen,468.32,12,"Store 12",East,2,"Spring Refresh",21408.00,28,2025-02-15,2025-03-15,155
87,1113,5,308.95,2,525.22,18.27,15.00,9,"Home Office",214.62,12,"Store 12",East,2,"Spring Refresh",21408.00,28,2025-02-15,2025-03-15,190
88,1236,7,999.00,4,3796.20,36.78,5.00,30,Electronics,600.00,3,"Store 3",West,3,"Back to Office",20002.00,15,2025-04-01,2025-04-16,113
88,1236,7,109.54,6,657.24,55.08,0.00,13,"Home Office",49.21,3,"Store 3",West,3,"Back to Office",20002.00,15,2025-04-01,2025-04-16,59
89,1011,6,494.95,6,2375.76,21.78,20.00,21,Fitness,309.71,7,"Store 7",South,5,"VIP Loyalty",16481.00,33,2025-06-30,2025-08-02,62
89,1011,6,215.19,1,215.19,62.00,0.00,20,Fitness,81.78,7,"Store 7",South,5,"VIP Loyalty",16481.00,33,2025-06-30,2025-08-02,61
89,1011,6,362.44,5,1812.20,41.46,0.00,16,Kitchen,212.18,7,"Store 7",South,5,"VIP Loyalty",16481.00,33,2025-06-30,2025-08-02,44
89,1083,2,695.81,6,4174.86,37.54,0.00,11,"Home Office",434.59,1,"Store 1",Central,6,"Black Friday",23229.00,30,2025-08-14,2025-09-13,22
89,1083,2,695.81,5,3479.05,37.54,0.00,11,"Home Office",434.59,1,"Store 1",Central,6,"Black Friday",23229.00,30,2025-08-14,2025-09-13,22
89,1306,3,308.95,6,1761.02,26.88,5.00,9,"Home Office",214.62,13,"Store 13",South,1,"Winter Sale",7612.00,29,2025-01-01,2025-01-30,168
89,1306,3,308.95,5,1467.51,26.88,5.00,9,"Home Office",214.62,13,"Store 13",South,1,"Winter Sale",7612.00,29,2025-01-01,2025-01-30,168
90,1502,4,987.96,3,2371.10,36.21,20.00,10,"Home Office",504.14,12,"Store 12",East,4,"Summer Deals",22662.00,33,2025-05-16,2025-06-18,64
92,1189,1,323.46,1,291.11,57.50,10.00,19,Kitchen,123.72,5,"Store 5",West,5,"VIP Loyalty",16481.00,33,2025-06-30,2025-08-02,8
93,1251,1,308.95,4,1235.80,30.53,0.00,9,"Home Office",214.62,12,"Store 12",East,6,"Black Friday",23229.00,30,2025-08-14,2025-09-13,190
93,1251,1,851.96,2,1363.14,49.92,20.00,4,Electronics,341.32,12,"Store 12",East,6,"Black Friday",23229.00,30,2025-08-14,2025-09-13,182
93,1251,1,1176.77,3,3530.31,31.70,0.00,2,Electronics,803.79,12,"Store 12",East,6,"Black Friday",23229.00,30,2025-08-14,2025-09-13,11
94,1382,7,1109.30,6,5657.43,21.75,15.00,24,Fitness,737.83,1,"Store 1",Central,3,"Back to Office",20002.00,15,2025-04-01,2025-04-16,82
94,1382,7,308.95,2,494.32,13.17,20.00,9,"Home Office",214.62,1,"Store 1",Central,3,"Back to Office",20002.00,15,2025-04-01,2025-04-16,126
94,1382,7,1048.28,1,1048.28,42.04,0.00,7,Electronics,607.61,1,"Store 1",Central,3,"Back to Office",20002.00,15,2025-04-01,2025-04-16,141
94,1382,7,768.34,1,614.67,18.61,20.00,6,Electronics,500.28,1,"Store 1",Central,3,"Back to Office",20002.00,15,2025-04-01,2025-04-16,36
94,1473,2,337.59,4,1147.81,31.08,15.00,1,Electronics,197.77,7,"Store 7",South,2,"Spring Refresh",21408.00,28,2025-02-15,2025-03-15,86
95,1434,1,531.47,3,1594.41,46.25,0.00,28,Beauty,285.65,10,"Store 10",Central,1,"Winter Sale",7612.00,29,2025-01-01,2025-01-30,195
95,1515,2,215.19,4,860.76,62.00,0.00,20,Fitness,81.78,15,"Store 15",South,4,"Summer Deals",22662.00,33,2025-05-16,2025-06-18,73
95,1471,3,730.73,1,730.73,33.37,0.00,14,"Home Office",486.88,14,"Store 14",Central,2,"Spring Refresh",21408.00,28,2025-02-15,2025-03-15,97
95,1308,6,109.54,3,262.90,43.84,20.00,13,"Home Office",49.21,3,"Store 3",West,6,"Black Friday",23229.00,30,2025-08-14,2025-09-13,59
95,1515,2,578.63,4,1967.34,42.79,15.00,8,Electronics,281.38,15,"Store 15",South,4,"Summer Deals",22662.00,33,2025-05-16,2025-06-18,23
95,1467,2,1048.28,5,4979.33,38.99,5.00,7,Electronics,607.61,7,"Store 7",South,6,"Black Friday",23229.00,30,2025-08-14,2025-09-13,7
95,1467,2,768.34,4,3073.36,34.89,0.00,6,Electronics,500.28,7,"Store 7",South,6,"Black Friday",23229.00,30,2025-08-14,2025-09-13,97
95,1467,2,1169.36,4,3975.82,32.78,15.00,5,Electronics,668.11,7,"Store 7",South,6,"Black Friday",23229.00,30,2025-08-14,2025-09-13,96
95,1467,2,1176.77,4,4707.08,31.70,0.00,2,Electronics,803.79,7,"Store 7",South,6,"Black Friday",23229.00,30,2025-08-14,2025-09-13,33
96,1020,2,999.00,4,3196.80,24.92,20.00,30,Electronics,600.00,7,"Store 7",South,4,"Summer Deals",22662.00,33,2025-05-16,2025-06-18,81
96,1020,2,79.09,2,158.18,33.29,0.00,27,Beauty,52.76,7,"Store 7",South,4,"Summer Deals",22662.00,33,2025-05-16,2025-06-18,173
96,1574,6,1090.83,4,4145.15,28.35,5.00,26,Beauty,742.48,2,"Store 2",South,2,"Spring Refresh",21408.00,28,2025-02-15,2025-03-15,162
96,1546,4,1090.83,2,2181.66,31.93,0.00,26,Beauty,742.48,8,"Store 8",East,2,"Spring Refresh",21408.00,28,2025-02-15,2025-03-15,134
96,1042,2,1109.30,1,1053.84,29.99,5.00,24,Fitness,737.83,7,"Store 7",South,2,"Spring Refresh",21408.00,28,2025-02-15,2025-03-15,67
96,1546,4,1109.30,6,6655.80,33.49,0.00,24,Fitness,737.83,8,"Store 8",East,2,"Spring Refresh",21408.00,28,2025-02-15,2025-03-15,75
96,1574,6,215.19,4,860.76,62.00,0.00,20,Fitness,81.78,2,"Store 2",South,2,"Spring Refresh",21408.00,28,2025-02-15,2025-03-15,53
96,1546,4,730.73,2,1388.39,29.86,5.00,14,"Home Office",486.88,8,"Store 8",East,2,"Spring Refresh",21408.00,28,2025-02-15,2025-03-15,58
96,1042,2,279.16,4,893.31,47.28,20.00,3,Electronics,117.74,7,"Store 7",South,2,"Spring Refresh",21408.00,28,2025-02-15,2025-03-15,95
96,1042,2,337.59,4,1350.36,41.42,0.00,1,Electronics,197.77,7,"Store 7",South,2,"Spring Refresh",21408.00,28,2025-02-15,2025-03-15,86
97,1560,2,851.96,3,2300.29,55.49,10.00,4,Electronics,341.32,11,"Store 11",West,5,"VIP Loyalty",16481.00,33,2025-06-30,2025-08-02,73
98,1498,5,531.47,3,1355.25,36.77,15.00,28,Beauty,285.65,5,"Store 5",West,6,"Black Friday",23229.00,30,2025-08-14,2025-09-13,102
98,1498,5,79.09,1,79.09,33.29,0.00,27,Beauty,52.76,5,"Store 5",West,6,"Black Friday",23229.00,30,2025-08-14,2025-09-13,14
98,1411,6,514.77,4,1750.22,33.20,15.00,25,Beauty,292.30,5,"Store 5",West,2,"Spring Refresh",21408.00,28,2025-02-15,2025-03-15,75
98,1498,5,355.18,4,1207.61,47.93,15.00,22,Fitness,157.20,5,"Store 5",West,6,"Black Friday",23229.00,30,2025-08-14,2025-09-13,2
98,1498,5,372.01,6,2008.85,33.51,10.00,17,Kitchen,222.61,5,"Store 5",West,6,"Black Friday",23229.00,30,2025-08-14,2025-09-13,168
98,1513,2,362.44,1,344.32,38.38,5.00,16,Kitchen,212.18,6,"Store 6",East,1,"Winter Sale",7612.00,29,2025-01-01,2025-01-30,88
98,1513,2,987.96,5,4198.83,39.97,15.00,10,"Home Office",504.14,6,"Store 6",East,1,"Winter Sale",7612.00,29,2025-01-01,2025-01-30,84
98,1411,6,308.95,5,1544.75,30.53,0.00,9,"Home Office",214.62,5,"Store 5",West,2,"Spring Refresh",21408.00,28,2025-02-15,2025-03-15,156
98,1411,6,851.96,3,2555.88,59.94,0.00,4,Electronics,341.32,5,"Store 5",West,2,"Spring Refresh",21408.00,28,2025-02-15,2025-03-15,26
98,1513,2,1176.77,1,1176.77,31.70,0.00,2,Electronics,803.79,6,"Store 6",East,1,"Winter Sale",7612.00,29,2025-01-01,2025-01-30,153
99,1278,5,531.47,6,3029.38,43.42,5.00,28,Beauty,285.65,9,"Store 9",Central,2,"Spring Refresh",21408.00,28,2025-02-15,2025-03-15,200
99,1278,5,79.09,1,79.09,33.29,0.00,27,Beauty,52.76,9,"Store 9",Central,2,"Spring Refresh",21408.00,28,2025-02-15,2025-03-15,50
99,1580,1,845.96,4,3383.84,46.84,0.00,23,Fitness,449.72,13,"Store 13",South,3,"Back to Office",20002.00,15,2025-04-01,2025-04-16,56
99,1535,3,932.63,4,3730.52,49.79,0.00,15,Kitchen,468.32,13,"Store 13",South,2,"Spring Refresh",21408.00,28,2025-02-15,2025-03-15,23
99,1556,6,109.54,3,295.76,50.08,10.00,13,"Home Office",49.21,8,"Store 8",East,3,"Back to Office",20002.00,15,2025-04-01,2025-04-16,140
99,1535,3,1048.28,2,2096.56,42.04,0.00,7,Electronics,607.61,13,"Store 13",South,2,"Spring Refresh",21408.00,28,2025-02-15,2025-03-15,49
99,1535,3,768.34,2,1536.68,34.89,0.00,6,Electronics,500.28,13,"Store 13",South,2,"Spring Refresh",21408.00,28,2025-02-15,2025-03-15,3
99,1580,1,279.16,3,837.48,57.82,0.00,3,Electronics,117.74,13,"Store 13",South,3,"Back to Office",20002.00,15,2025-04-01,2025-04-16,166
100,1192,5,932.63,3,2658.00,47.14,5.00,15,Kitchen,468.32,13,"Store 13",South,1,"Winter Sale",7612.00,29,2025-01-01,2025-01-30,23
100,1192,5,987.96,4,3951.84,48.97,0.00,10,"Home Office",504.14,13,"Store 13",South,1,"Winter Sale",7612.00,29,2025-01-01,2025-01-30,30
100,1192,5,851.96,5,4259.80,59.94,0.00,4,Electronics,341.32,13,"Store 13",South,1,"Winter Sale",7612.00,29,2025-01-01,2025-01-30,53
101,1142,3,999.00,5,4995.00,39.94,0.00,30,Electronics,600.00,4,"Store 4",South,4,"Summer Deals",22662.00,33,2025-05-16,2025-06-18,104
101,1161,1,79.09,2,126.54,16.61,20.00,27,Beauty,52.76,7,"Store 7",South,1,"Winter Sale",7612.00,29,2025-01-01,2025-01-30,173
101,1433,3,355.18,3,852.43,44.68,20.00,22,Fitness,157.20,10,"Store 10",Central,1,"Winter Sale",7612.00,29,2025-01-01,2025-01-30,125
101,1161,1,1169.36,6,7016.16,42.87,0.00,5,Electronics,668.11,7,"Store 7",South,1,"Winter Sale",7612.00,29,2025-01-01,2025-01-30,96
103,1255,6,355.18,6,2131.08,55.74,0.00,22,Fitness,157.20,10,"Store 10",Central,5,"VIP Loyalty",16481.00,33,2025-06-30,2025-08-02,125
103,1255,6,215.19,1,172.15,52.50,20.00,20,Fitness,81.78,10,"Store 10",Central,5,"VIP Loyalty",16481.00,33,2025-06-30,2025-08-02,43
103,1457,2,323.46,5,1617.30,61.75,0.00,19,Kitchen,123.72,10,"Store 10",Central,4,"Summer Deals",22662.00,33,2025-05-16,2025-06-18,77
103,1201,7,185.84,5,836.28,36.10,10.00,12,"Home Office",106.88,9,"Store 9",Central,6,"Black Friday",23229.00,30,2025-08-14,2025-09-13,64
103,1201,7,695.81,4,2783.24,37.54,0.00,11,"Home Office",434.59,9,"Store 9",Central,6,"Black Friday",23229.00,30,2025-08-14,2025-09-13,70
103,1457,2,695.81,2,1113.30,21.93,20.00,11,"Home Office",434.59,10,"Store 10",Central,4,"Summer Deals",22662.00,33,2025-05-16,2025-06-18,175
103,1457,2,695.81,1,591.44,26.52,15.00,11,"Home Office",434.59,10,"Store 10",Central,4,"Summer Deals",22662.00,33,2025-05-16,2025-06-18,175
103,1201,7,768.34,1,768.34,34.89,0.00,6,Electronics,500.28,9,"Store 9",Central,6,"Black Friday",23229.00,30,2025-08-14,2025-09-13,72
104,1402,2,1090.83,1,1090.83,31.93,0.00,26,Beauty,742.48,11,"Store 11",West,3,"Back to Office",20002.00,15,2025-04-01,2025-04-16,178
104,1522,5,730.73,3,2192.19,33.37,0.00,14,"Home Office",486.88,12,"Store 12",East,5,"VIP Loyalty",16481.00,33,2025-06-30,2025-08-02,140
104,1525,6,730.73,2,1388.39,29.86,5.00,14,"Home Office",486.88,13,"Store 13",South,3,"Back to Office",20002.00,15,2025-04-01,2025-04-16,102
104,1402,2,695.81,1,695.81,37.54,0.00,11,"Home Office",434.59,11,"Store 11",West,3,"Back to Office",20002.00,15,2025-04-01,2025-04-16,84
104,1402,2,987.96,5,4445.82,43.30,10.00,10,"Home Office",504.14,11,"Store 11",West,3,"Back to Office",20002.00,15,2025-04-01,2025-04-16,110
106,1530,6,1090.83,3,3108.87,28.35,5.00,26,Beauty,742.48,5,"Store 5",West,2,"Spring Refresh",21408.00,28,2025-02-15,2025-03-15,80
106,1530,6,362.44,5,1721.59,38.38,5.00,16,Kitchen,212.18,5,"Store 5",West,2,"Spring Refresh",21408.00,28,2025-02-15,2025-03-15,143
106,1530,6,578.63,1,578.63,51.37,0.00,8,Electronics,281.38,5,"Store 5",West,2,"Spring Refresh",21408.00,28,2025-02-15,2025-03-15,110
107,1044,4,323.46,4,1164.46,57.50,10.00,19,Kitchen,123.72,12,"Store 12",East,2,"Spring Refresh",21408.00,28,2025-02-15,2025-03-15,173
107,1542,7,362.44,6,2174.64,41.46,0.00,16,Kitchen,212.18,11,"Store 11",West,4,"Summer Deals",22662.00,33,2025-05-16,2025-06-18,168
107,1542,7,987.96,2,1975.92,48.97,0.00,10,"Home Office",504.14,11,"Store 11",West,4,"Summer Deals",22662.00,33,2025-05-16,2025-06-18,110
107,1044,4,987.96,6,5927.76,48.97,0.00,10,"Home Office",504.14,12,"Store 12",East,2,"Spring Refresh",21408.00,28,2025-02-15,2025-03-15,64
107,1542,7,308.95,2,525.22,18.27,15.00,9,"Home Office",214.62,11,"Store 11",West,4,"Summer Deals",22662.00,33,2025-05-16,2025-06-18,100
107,1044,4,578.63,3,1388.71,39.21,20.00,8,Electronics,281.38,12,"Store 12",East,2,"Spring Refresh",21408.00,28,2025-02-15,2025-03-15,6
107,1044,4,279.16,4,893.31,47.28,20.00,3,Electronics,117.74,12,"Store 12",East,2,"Spring Refresh",21408.00,28,2025-02-15,2025-03-15,83
108,1162,4,494.95,1,470.20,34.13,5.00,21,Fitness,309.71,11,"Store 11",West,3,"Back to Office",20002.00,15,2025-04-01,2025-04-16,10
108,1162,4,372.01,6,2232.06,40.16,0.00,17,Kitchen,222.61,11,"Store 11",West,3,"Back to Office",20002.00,15,2025-04-01,2025-04-16,147
108,1162,4,109.54,4,438.16,55.08,0.00,13,"Home Office",49.21,11,"Store 11",West,3,"Back to Office",20002.00,15,2025-04-01,2025-04-16,118
108,1216,2,987.96,6,5038.60,39.97,15.00,10,"Home Office",504.14,8,"Store 8",East,5,"VIP Loyalty",16481.00,33,2025-06-30,2025-08-02,182
109,1512,5,79.09,3,225.41,29.78,5.00,27,Beauty,52.76,12,"Store 12",East,1,"Winter Sale",7612.00,29,2025-01-01,2025-01-30,31
109,1512,5,355.18,1,355.18,55.74,0.00,22,Fitness,157.20,12,"Store 12",East,1,"Winter Sale",7612.00,29,2025-01-01,2025-01-30,181
109,1512,5,730.73,2,1315.31,25.97,10.00,14,"Home Office",486.88,12,"Store 12",East,1,"Winter Sale",7612.00,29,2025-01-01,2025-01-30,140
109,1512,5,578.63,4,2314.52,51.37,0.00,8,Electronics,281.38,12,"Store 12",East,1,"Winter Sale",7612.00,29,2025-01-01,2025-01-30,6
109,1459,6,337.59,1,337.59,41.42,0.00,1,Electronics,197.77,11,"Store 11",West,6,"Black Friday",23229.00,30,2025-08-14,2025-09-13,102
110,1568,2,79.09,6,379.63,16.61,20.00,27,Beauty,52.76,1,"Store 1",Central,2,"Spring Refresh",21408.00,28,2025-02-15,2025-03-15,141
110,1323,3,79.09,1,67.23,21.52,15.00,27,Beauty,52.76,7,"Store 7",South,1,"Winter Sale",7612.00,29,2025-01-01,2025-01-30,173
110,1568,2,1090.83,5,5454.15,31.93,0.00,26,Beauty,742.48,1,"Store 1",Central,2,"Spring Refresh",21408.00,28,2025-02-15,2025-03-15,96
110,1232,7,494.95,4,1781.82,30.47,10.00,21,Fitness,309.71,10,"Store 10",Central,2,"Spring Refresh",21408.00,28,2025-02-15,2025-03-15,84
110,1568,2,932.63,2,1772.00,47.14,5.00,15,Kitchen,468.32,1,"Store 1",Central,2,"Spring Refresh",21408.00,28,2025-02-15,2025-03-15,68
110,1323,3,308.95,2,556.11,22.81,10.00,9,"Home Office",214.62,7,"Store 7",South,1,"Winter Sale",7612.00,29,2025-01-01,2025-01-30,30
110,1568,2,279.16,3,669.98,47.28,20.00,3,Electronics,117.74,1,"Store 1",Central,2,"Spring Refresh",21408.00,28,2025-02-15,2025-03-15,192
110,1232,7,337.59,6,2025.54,41.42,0.00,1,Electronics,197.77,10,"Store 10",Central,2,"Spring Refresh",21408.00,28,2025-02-15,2025-03-15,16
111,1043,5,1090.83,5,5181.44,28.35,5.00,26,Beauty,742.48,6,"Store 6",East,5,"VIP Loyalty",16481.00,33,2025-06-30,2025-08-02,10
111,1047,3,494.95,3,1187.88,21.78,20.00,21,Fitness,309.71,11,"Store 11",West,6,"Black Friday",23229.00,30,2025-08-14,2025-09-13,10
111,1047,3,185.84,5,929.20,42.49,0.00,12,"Home Office",106.88,11,"Store 11",West,6,"Black Friday",23229.00,30,2025-08-14,2025-09-13,1
111,1047,3,987.96,4,3754.25,46.29,5.00,10,"Home Office",504.14,11,"Store 11",West,6,"Black Friday",23229.00,30,2025-08-14,2025-09-13,110
111,1047,3,308.95,5,1544.75,30.53,0.00,9,"Home Office",214.62,11,"Store 11",West,6,"Black Friday",23229.00,30,2025-08-14,2025-09-13,100
111,1345,2,768.34,3,2074.52,27.65,10.00,6,Electronics,500.28,11,"Store 11",West,4,"Summer Deals",22662.00,33,2025-05-16,2025-06-18,63
112,1052,3,355.18,4,1420.72,55.74,0.00,22,Fitness,157.20,3,"Store 3",West,4,"Summer Deals",22662.00,33,2025-05-16,2025-06-18,77
112,1052,3,215.19,6,1291.14,62.00,0.00,20,Fitness,81.78,3,"Store 3",West,4,"Summer Deals",22662.00,33,2025-05-16,2025-06-18,172
113,1519,1,531.47,3,1355.25,36.77,15.00,28,Beauty,285.65,15,"Store 15",South,5,"VIP Loyalty",16481.00,33,2025-06-30,2025-08-02,151
113,1004,5,1137.53,4,4550.12,56.69,0.00,18,Kitchen,492.68,12,"Store 12",East,2,"Spring Refresh",21408.00,28,2025-02-15,2025-03-15,9
113,1004,5,987.96,5,4939.80,48.97,0.00,10,"Home Office",504.14,12,"Store 12",East,2,"Spring Refresh",21408.00,28,2025-02-15,2025-03-15,64
113,1551,2,308.95,1,308.95,30.53,0.00,9,"Home Office",214.62,8,"Store 8",East,5,"VIP Loyalty",16481.00,33,2025-06-30,2025-08-02,53
113,1166,3,279.16,3,711.86,50.38,15.00,3,Electronics,117.74,11,"Store 11",West,4,"Summer Deals",22662.00,33,2025-05-16,2025-06-18,150
113,1551,2,1176.77,2,2235.86,28.10,5.00,2,Electronics,803.79,8,"Store 8",East,5,"VIP Loyalty",16481.00,33,2025-06-30,2025-08-02,163
113,1166,3,1176.77,4,4001.02,19.64,15.00,2,Electronics,803.79,11,"Store 11",West,4,"Summer Deals",22662.00,33,2025-05-16,2025-06-18,70
114,1068,7,999.00,5,4995.00,39.94,0.00,30,Electronics,600.00,7,"Store 7",South,1,"Winter Sale",7612.00,29,2025-01-01,2025-01-30,81
114,1082,5,1090.83,6,6217.73,28.35,5.00,26,Beauty,742.48,11,"Store 11",West,6,"Black Friday",23229.00,30,2025-08-14,2025-09-13,178
114,1082,5,987.96,4,3951.84,48.97,0.00,10,"Home Office",504.14,11,"Store 11",West,6,"Black Friday",23229.00,30,2025-08-14,2025-09-13,110
114,1024,6,1048.28,4,3983.46,38.99,5.00,7,Electronics,607.61,7,"Store 7",South,5,"VIP Loyalty",16481.00,33,2025-06-30,2025-08-02,7
114,1024,6,1176.77,6,7060.62,31.70,0.00,2,Electronics,803.79,7,"Store 7",South,5,"VIP Loyalty",16481.00,33,2025-06-30,2025-08-02,33
115,1174,3,999.00,3,2997.00,39.94,0.00,30,Electronics,600.00,13,"Store 13",South,2,"Spring Refresh",21408.00,28,2025-02-15,2025-03-15,83
115,1174,3,372.01,1,372.01,40.16,0.00,17,Kitchen,222.61,13,"Store 13",South,2,"Spring Refresh",21408.00,28,2025-02-15,2025-03-15,48
115,1090,2,362.44,6,1957.18,34.95,10.00,16,Kitchen,212.18,9,"Store 9",Central,1,"Winter Sale",7612.00,29,2025-01-01,2025-01-30,190
115,1174,3,109.54,5,520.32,52.71,5.00,13,"Home Office",49.21,13,"Store 13",South,2,"Spring Refresh",21408.00,28,2025-02-15,2025-03-15,101
115,1218,3,185.84,4,743.36,42.49,0.00,12,"Home Office",106.88,11,"Store 11",West,5,"VIP Loyalty",16481.00,33,2025-06-30,2025-08-02,1
115,1090,2,987.96,5,4939.80,48.97,0.00,10,"Home Office",504.14,9,"Store 9",Central,1,"Winter Sale",7612.00,29,2025-01-01,2025-01-30,141
115,1218,3,768.34,4,3073.36,34.89,0.00,6,Electronics,500.28,11,"Store 11",West,5,"VIP Loyalty",16481.00,33,2025-06-30,2025-08-02,63
116,1075,4,1137.53,5,5687.65,56.69,0.00,18,Kitchen,492.68,12,"Store 12",East,4,"Summer Deals",22662.00,33,2025-05-16,2025-06-18,9
117,1380,3,1090.83,2,1745.33,14.92,20.00,26,Beauty,742.48,10,"Store 10",Central,2,"Spring Refresh",21408.00,28,2025-02-15,2025-03-15,100
117,1380,3,323.46,5,1374.71,55.00,15.00,19,Kitchen,123.72,10,"Store 10",Central,2,"Spring Refresh",21408.00,28,2025-02-15,2025-03-15,77
117,1417,4,362.44,4,1159.81,26.82,20.00,16,Kitchen,212.18,6,"Store 6",East,4,"Summer Deals",22662.00,33,2025-05-16,2025-06-18,88
117,1417,4,362.44,1,362.44,41.46,0.00,16,Kitchen,212.18,6,"Store 6",East,4,"Summer Deals",22662.00,33,2025-05-16,2025-06-18,88
117,1417,4,362.44,1,362.44,41.46,0.00,16,Kitchen,212.18,6,"Store 6",East,4,"Summer Deals",22662.00,33,2025-05-16,2025-06-18,88
117,1417,4,768.34,3,1844.02,18.61,20.00,6,Electronics,500.28,6,"Store 6",East,4,"Summer Deals",22662.00,33,2025-05-16,2025-06-18,87
118,1230,6,494.95,1,420.71,26.38,15.00,21,Fitness,309.71,6,"Store 6",East,6,"Black Friday",23229.00,30,2025-08-14,2025-09-13,2
118,1404,7,494.95,4,1583.84,21.78,20.00,21,Fitness,309.71,8,"Store 8",East,6,"Black Friday",23229.00,30,2025-08-14,2025-09-13,166
118,1404,7,1137.53,3,3241.96,54.41,5.00,18,Kitchen,492.68,8,"Store 8",East,6,"Black Friday",23229.00,30,2025-08-14,2025-09-13,45
118,1230,6,362.44,5,1721.59,38.38,5.00,16,Kitchen,212.18,6,"Store 6",East,6,"Black Friday",23229.00,30,2025-08-14,2025-09-13,88
118,1230,6,768.34,4,2766.02,27.65,10.00,6,Electronics,500.28,6,"Store 6",East,6,"Black Friday",23229.00,30,2025-08-14,2025-09-13,87
119,1133,3,1090.83,6,5563.23,19.92,15.00,26,Beauty,742.48,2,"Store 2",South,5,"VIP Loyalty",16481.00,33,2025-06-30,2025-08-02,162
119,1557,3,215.19,4,860.76,62.00,0.00,20,Fitness,81.78,2,"Store 2",South,6,"Black Friday",23229.00,30,2025-08-14,2025-09-13,53
119,1557,3,215.19,6,1291.14,62.00,0.00,20,Fitness,81.78,2,"Store 2",South,6,"Black Friday",23229.00,30,2025-08-14,2025-09-13,53
119,1557,3,932.63,6,5595.78,49.79,0.00,15,Kitchen,468.32,2,"Store 2",South,6,"Black Friday",23229.00,30,2025-08-14,2025-09-13,11
119,1133,3,109.54,6,657.24,55.08,0.00,13,"Home Office",49.21,2,"Store 2",South,5,"VIP Loyalty",16481.00,33,2025-06-30,2025-08-02,129
119,1557,3,695.81,1,591.44,26.52,15.00,11,"Home Office",434.59,2,"Store 2",South,6,"Black Friday",23229.00,30,2025-08-14,2025-09-13,69
119,1371,3,851.96,6,5111.76,59.94,0.00,4,Electronics,341.32,14,"Store 14",Central,1,"Winter Sale",7612.00,29,2025-01-01,2025-01-30,157
119,1133,3,279.16,5,1186.43,50.38,15.00,3,Electronics,117.74,2,"Store 2",South,5,"VIP Loyalty",16481.00,33,2025-06-30,2025-08-02,189
120,1488,7,1109.30,5,4991.85,26.10,10.00,24,Fitness,737.83,8,"Store 8",East,1,"Winter Sale",7612.00,29,2025-01-01,2025-01-30,75
