year,month_number,month,order_id,product_id,category,net_revenue
2025,1,January,1161,5,Electronics,7016.16
2025,1,January,1385,24,Fitness,6655.80
2025,1,January,1355,26,Beauty,6544.98
2025,1,January,1519,6,Electronics,6185.14
2025,1,January,1189,5,Electronics,5612.93
2025,1,January,1189,15,Kitchen,5595.78
2025,1,January,1533,24,Fitness,5546.50
2025,1,January,1453,7,Electronics,5346.23
2025,1,January,1412,7,Electronics,5241.40
2025,1,January,1061,26,Beauty,5181.44
2025,1,January,1178,10,"Home Office",5038.60
2025,1,January,1396,6,Electronics,4610.04
2025,1,January,1431,15,Kitchen,4429.99
2025,1,January,1002,18,Kitchen,4322.61
2025,1,January,1302,29,Beauty,4294.61
2025,1,January,1059,2,Electronics,4236.37
2025,1,January,1526,23,Fitness,4229.80
2025,1,January,1077,11,"Home Office",4174.86
2025,1,January,1329,11,"Home Office",4174.86
2025,1,January,1134,15,Kitchen,3730.52
2025,1,January,1554,15,Kitchen,3730.52
2025,1,January,1251,2,Electronics,3530.31
2025,1,January,1396,4,Electronics,3407.84
2025,1,January,1580,23,Fitness,3383.84
2025,1,January,1077,15,Kitchen,3170.94
2025,1,January,1315,26,Beauty,3108.87
2025,1,January,1458,8,Electronics,2893.15
2025,1,January,1179,24,Fitness,2828.72
2025,1,January,1455,2,Electronics,2824.25
2025,1,January,1137,11,"Home Office",2783.24
2025,1,January,1005,14,"Home Office",2776.77
2025,1,January,1061,4,Electronics,2555.88
2025,1,January,1554,28,Beauty,2551.06
2025,1,January,1021,15,Kitchen,2378.21
2025,1,January,1195,2,Electronics,2353.54
2025,1,January,1179,6,Electronics,2305.02
2025,1,January,1329,23,Fitness,2284.09
2025,1,January,1005,17,Kitchen,2232.06
2025,1,January,1458,18,Kitchen,2161.31
2025,1,January,1178,22,Fitness,2131.08
2025,1,January,1002,28,Beauty,2125.88
2025,1,January,1002,2,Electronics,2118.19
2025,1,January,1005,8,Electronics,2083.07
2025,1,January,1329,21,Fitness,1979.80
2025,1,January,1061,8,Electronics,1967.34
2025,1,January,1282,25,Beauty,1956.13
2025,1,January,1355,12,"Home Office",1904.86
2025,1,January,1410,17,Kitchen,1897.25
2025,1,January,1193,3,Electronics,1674.96
2025,1,January,1077,25,Beauty,1647.26
2025,1,January,1002,1,Electronics,1620.43
2025,1,January,1342,23,Fitness,1607.32
2025,1,January,1507,22,Fitness,1598.31
2025,1,January,1434,28,Beauty,1594.41
2025,1,January,1021,9,"Home Office",1544.75
2025,1,January,1134,25,Beauty,1544.31
2025,1,January,1251,4,Electronics,1363.14
2025,1,January,1519,28,Beauty,1355.25
2025,1,January,1260,21,Fitness,1336.37
2025,1,January,1569,19,Kitchen,1293.84
2025,1,January,1260,3,Electronics,1256.22
2025,1,January,1251,9,"Home Office",1235.80
2025,1,January,1342,6,Electronics,1229.34
2025,1,January,1569,1,Electronics,1215.32
2025,1,January,1134,21,Fitness,1187.88
2025,1,January,1554,5,Electronics,1169.36
2025,1,January,1569,8,Electronics,1157.26
2025,1,January,1021,3,Electronics,1116.64
2025,1,January,1431,18,Kitchen,1080.65
2025,1,January,1178,20,Fitness,1075.95
2025,1,January,1385,25,Beauty,1029.54
2025,1,January,1059,1,Electronics,1012.77
2025,1,January,1396,30,Electronics,999.00
2025,1,January,1342,9,"Home Office",988.64
2025,1,January,1061,10,"Home Office",987.96
2025,1,January,1458,5,Electronics,935.49
2025,1,January,1410,15,Kitchen,932.63
2025,1,January,1519,15,Kitchen,932.63
2025,1,January,1137,12,"Home Office",929.20
2025,1,January,1260,18,Kitchen,910.02
2025,1,January,1410,10,"Home Office",889.16
2025,1,January,1134,12,"Home Office",882.74
2025,1,January,1137,20,Fitness,860.76
2025,1,January,1137,4,Electronics,851.96
2025,1,January,1059,3,Electronics,837.48
2025,1,January,1580,3,Electronics,837.48
2025,1,January,1531,9,"Home Office",787.82
2025,1,January,1178,4,Electronics,724.17
2025,1,January,1569,11,"Home Office",695.81
2025,1,January,1507,4,Electronics,681.57
2025,1,January,1179,29,Beauty,673.66
2025,1,January,1260,14,"Home Office",657.66
2025,1,January,1282,13,"Home Office",657.24
2025,1,January,1282,16,Kitchen,652.39
2025,1,January,1455,1,Electronics,573.90
2025,1,January,1533,8,Electronics,520.77
2025,1,January,1554,3,Electronics,446.66
2025,1,January,1508,25,Beauty,411.82
2025,1,January,1209,27,Beauty,403.36
2025,1,January,1059,12,"Home Office",353.10
2025,1,January,1077,19,Kitchen,323.46
2025,1,January,1189,19,Kitchen,291.11
2025,1,January,1342,1,Electronics,270.07
2025,1,January,1193,27,Beauty,237.27
2025,1,January,1431,20,Fitness,215.19
2025,1,January,1161,27,Beauty,126.54
2025,2,February,1083,11,"Home Office",7653.91
2025,2,February,1452,18,Kitchen,6825.18
2025,2,February,1496,18,Kitchen,6483.92
2025,2,February,1457,2,Electronics,5883.85
2025,2,February,1079,7,Electronics,5660.71
2025,2,February,1408,24,Fitness,5546.50
2025,2,February,1568,26,Beauty,5454.15
2025,2,February,1199,2,Electronics,5295.47
2025,2,February,1216,10,"Home Office",5038.60
2025,2,February,1467,7,Electronics,4979.33
2025,2,February,1090,10,"Home Office",4939.80
2025,2,February,1020,10,"Home Office",4742.21
2025,2,February,1272,2,Electronics,4707.08
2025,2,February,1467,2,Electronics,4707.08
2025,2,February,1560,29,Beauty,4547.23
2025,2,February,1402,10,"Home Office",4445.82
2025,2,February,1478,24,Fitness,4437.20
2025,2,February,1436,26,Beauty,4363.32
2025,2,February,1452,26,Beauty,4363.32
2025,2,February,1408,29,Beauty,4210.40
2025,2,February,1513,10,"Home Office",4198.83
2025,2,February,1300,7,Electronics,4193.12
2025,2,February,1467,5,Electronics,3975.82
2025,2,February,1528,6,Electronics,3649.62
2025,2,February,1331,30,Electronics,3596.40
2025,2,February,1436,2,Electronics,3530.31
2025,2,February,1573,26,Beauty,3490.66
2025,2,February,1272,18,Kitchen,3412.59
2025,2,February,1238,4,Electronics,3407.84
2025,2,February,1528,23,Fitness,3383.84
2025,2,February,1020,30,Electronics,3196.80
2025,2,February,1139,10,"Home Office",3161.47
2025,2,February,1238,10,"Home Office",3161.47
2025,2,February,1272,6,Electronics,3073.36
2025,2,February,1467,6,Electronics,3073.36
2025,2,February,1408,7,Electronics,2987.60
2025,2,February,1560,5,Electronics,2981.87
2025,2,February,1496,2,Electronics,2824.25
2025,2,February,1066,30,Electronics,2697.30
2025,2,February,1573,7,Electronics,2673.11
2025,2,February,1517,25,Beauty,2496.63
2025,2,February,1478,25,Beauty,2470.90
2025,2,February,1124,5,Electronics,2338.72
2025,2,February,1560,4,Electronics,2300.29
2025,2,February,1273,23,Fitness,2284.09
2025,2,February,1551,2,Electronics,2235.86
2025,2,February,1049,17,Kitchen,2232.06
2025,2,February,1124,8,Electronics,2083.07
2025,2,February,1345,6,Electronics,2074.52
2025,2,February,1217,4,Electronics,2044.70
2025,2,February,1515,8,Electronics,1967.34
2025,2,February,1090,16,Kitchen,1957.18
2025,2,February,1066,7,Electronics,1886.90
2025,2,February,1155,5,Electronics,1870.98
2025,2,February,1139,21,Fitness,1781.82
2025,2,February,1528,22,Fitness,1775.90
2025,2,February,1568,15,Kitchen,1772.00
2025,2,February,1478,8,Electronics,1735.89
2025,2,February,1457,11,"Home Office",1704.73
2025,2,February,1090,17,Kitchen,1674.05
2025,2,February,1273,16,Kitchen,1630.98
2025,2,February,1457,19,Kitchen,1617.30
2025,2,February,1408,25,Beauty,1544.31
2025,2,February,1204,17,Kitchen,1488.04
2025,2,February,1452,16,Kitchen,1449.76
2025,2,February,1042,1,Electronics,1350.36
2025,2,February,1212,11,"Home Office",1322.04
2025,2,February,1513,25,Beauty,1312.66
2025,2,February,1490,20,Fitness,1291.14
2025,2,February,1513,2,Electronics,1176.77
2025,2,February,1054,5,Electronics,1169.36
2025,2,February,1473,1,Electronics,1147.81
2025,2,February,1414,2,Electronics,1117.93
2025,2,February,1313,17,Kitchen,1116.03
2025,2,February,1402,26,Beauty,1090.83
2025,2,February,1517,20,Fitness,1075.95
2025,2,February,1562,17,Kitchen,1060.23
2025,2,February,1029,24,Fitness,1053.84
2025,2,February,1042,24,Fitness,1053.84
2025,2,February,1090,20,Fitness,1032.91
2025,2,February,1212,1,Electronics,1012.77
2025,2,February,1481,28,Beauty,956.65
2025,2,February,1573,28,Beauty,956.65
2025,2,February,1496,19,Kitchen,921.86
2025,2,February,1414,20,Fitness,914.56
2025,2,February,1042,3,Electronics,893.31
2025,2,February,1217,3,Electronics,893.31
2025,2,February,1515,20,Fitness,860.76
2025,2,February,1139,3,Electronics,837.48
2025,2,February,1152,20,Fitness,774.68
2025,2,February,1528,29,Beauty,715.77
2025,2,February,1402,11,"Home Office",695.81
2025,2,February,1568,3,Electronics,669.98
2025,2,February,1152,13,"Home Office",547.70
2025,2,February,1079,28,Beauty,531.47
2025,2,February,1484,12,"Home Office",529.64
2025,2,February,1238,12,"Home Office",501.77
2025,2,February,1155,13,"Home Office",492.93
2025,2,February,1054,28,Beauty,478.32
2025,2,February,1496,8,Electronics,462.90
2025,2,February,1152,12,"Home Office",446.02
2025,2,February,1204,20,Fitness,430.38
2025,2,February,1217,13,"Home Office",416.25
2025,2,February,1414,27,Beauty,403.36
2025,2,February,1568,27,Beauty,379.63
2025,2,February,1199,20,Fitness,365.82
2025,2,February,1513,16,Kitchen,344.32
2025,2,February,1272,9,"Home Office",308.95
2025,2,February,1551,9,"Home Office",308.95
2025,2,February,1414,13,"Home Office",186.22
2025,2,February,1020,27,Beauty,158.18
2025,2,February,1124,27,Beauty,150.27
2025,2,February,1273,12,"Home Office",148.67
2025,2,February,1452,13,"Home Office",87.63
2025,3,March,1584,15,Kitchen,11191.56
2025,3,March,1349,18,Kitchen,9896.51
2025,3,March,1527,10,"Home Office",7310.90
2025,3,March,1435,5,Electronics,6665.35
2025,3,March,1432,2,Electronics,6354.56
2025,3,March,1288,5,Electronics,5963.74
2025,3,March,1499,15,Kitchen,5595.78
2025,3,March,1557,15,Kitchen,5595.78
2025,3,March,1133,26,Beauty,5563.23
2025,3,March,1349,7,Electronics,5241.40
2025,3,March,1371,4,Electronics,5111.76
2025,3,March,1497,30,Electronics,5094.90
2025,3,March,1166,29,Beauty,5052.48
2025,3,March,1244,15,Kitchen,5036.20
2025,3,March,1142,30,Electronics,4995.00
2025,3,March,1471,30,Electronics,4995.00
2025,3,March,1336,10,"Home Office",4939.80
2025,3,March,1370,5,Electronics,4677.44
2025,3,March,1584,26,Beauty,4636.03
2025,3,March,1435,30,Electronics,4245.75
2025,3,March,1368,5,Electronics,4209.70
2025,3,March,1581,26,Beauty,4145.15
2025,3,March,1166,2,Electronics,4001.02
2025,3,March,1403,11,"Home Office",3966.12
2025,3,March,1581,30,Electronics,3796.20
2025,3,March,1503,29,Beauty,3789.36
2025,3,March,1584,29,Beauty,3789.36
2025,3,March,1047,10,"Home Office",3754.25
2025,3,March,1535,15,Kitchen,3730.52
2025,3,March,1244,2,Electronics,3530.31
2025,3,March,1483,5,Electronics,3508.08
2025,3,March,1425,23,Fitness,3383.84
2025,3,March,1164,11,"Home Office",3339.89
2025,3,March,1363,26,Beauty,3272.49
2025,3,March,1306,9,"Home Office",3228.53
2025,3,March,1218,6,Electronics,3073.36
2025,3,March,1174,30,Electronics,2997.00
2025,3,March,1438,6,Electronics,2919.69
2025,3,March,1432,24,Fitness,2828.72
2025,3,March,1378,29,Beauty,2694.66
2025,3,March,1535,28,Beauty,2657.35
2025,3,March,1288,11,"Home Office",2644.08
2025,3,March,1012,25,Beauty,2625.33
2025,3,March,1483,15,Kitchen,2518.10
2025,3,March,1403,7,Electronics,2515.87
2025,3,March,1527,7,Electronics,2515.87
2025,3,March,1174,21,Fitness,2474.75
2025,3,March,1306,21,Fitness,2474.75
2025,3,March,1413,29,Beauty,2273.62
2025,3,March,1288,15,Kitchen,2238.31
2025,3,March,1557,20,Fitness,2151.90
2025,3,March,1535,7,Electronics,2096.56
2025,3,March,1370,6,Electronics,2074.52
2025,3,March,1245,5,Electronics,1987.91
2025,3,March,1446,21,Fitness,1979.80
2025,3,March,1483,17,Kitchen,1767.05
2025,3,March,1380,26,Beauty,1745.33
2025,3,March,1363,30,Electronics,1698.30
2025,3,March,1378,1,Electronics,1687.95
2025,3,March,1483,19,Kitchen,1649.65
2025,3,March,1047,9,"Home Office",1544.75
2025,3,March,1535,6,Electronics,1536.68
2025,3,March,1586,1,Electronics,1519.16
2025,3,March,1052,22,Fitness,1420.72
2025,3,March,1497,14,"Home Office",1388.39
2025,3,March,1380,19,Kitchen,1374.71
2025,3,March,1368,23,Fitness,1353.54
2025,3,March,1527,3,Electronics,1339.97
2025,3,March,1084,11,"Home Office",1322.04
2025,3,March,1052,20,Fitness,1291.14
2025,3,March,1368,17,Kitchen,1190.43
2025,3,March,1047,21,Fitness,1187.88
2025,3,March,1133,3,Electronics,1186.43
2025,3,March,1363,19,Kitchen,1164.46
2025,3,March,1378,8,Electronics,1157.26
2025,3,March,1450,18,Kitchen,1080.65
2025,3,March,1336,1,Electronics,1080.29
2025,3,March,1486,22,Fitness,1065.54
2025,3,March,1164,19,Kitchen,1035.07
2025,3,March,1464,24,Fitness,998.37
2025,3,March,1586,21,Fitness,989.90
2025,3,March,1245,8,Electronics,983.67
2025,3,March,1336,26,Beauty,981.75
2025,3,March,1047,12,"Home Office",929.20
2025,3,March,1586,17,Kitchen,892.82
2025,3,March,1499,9,"Home Office",880.51
2025,3,March,1306,19,Kitchen,873.34
2025,3,March,1446,20,Fitness,860.76
2025,3,March,1433,22,Fitness,852.43
2025,3,March,1210,23,Fitness,845.96
2025,3,March,1413,3,Electronics,753.73
2025,3,March,1218,12,"Home Office",743.36
2025,3,March,1269,12,"Home Office",743.36
2025,3,March,1471,14,"Home Office",730.73
2025,3,March,1166,3,Electronics,711.86
2025,3,March,1450,22,Fitness,710.36
2025,3,March,1133,13,"Home Office",657.24
2025,3,March,1244,6,Electronics,614.67
2025,3,March,1557,11,"Home Office",591.44
2025,3,March,1497,8,Electronics,578.63
2025,3,March,1252,1,Electronics,573.90
2025,3,March,1253,12,"Home Office",557.52
2025,3,March,1323,9,"Home Office",556.11
2025,3,March,1174,13,"Home Office",520.32
2025,3,March,1026,27,Beauty,395.45
2025,3,March,1174,17,Kitchen,372.01
2025,3,March,1245,12,"Home Office",371.68
2025,3,March,1499,12,"Home Office",371.68
2025,3,March,1368,9,"Home Office",293.50
2025,3,March,1370,27,Beauty,284.72
2025,3,March,1210,9,"Home Office",262.61
2025,3,March,1503,27,Beauty,126.54
2025,3,March,1231,13,"Home Office",109.54
2025,3,March,1323,27,Beauty,67.23
2025,4,April,1546,24,Fitness,6655.80
2025,4,April,1206,26,Beauty,6217.73
2025,4,April,1254,5,Electronics,5963.74
2025,4,April,1044,10,"Home Office",5927.76
2025,4,April,1214,18,Kitchen,5801.40
2025,4,April,1075,18,Kitchen,5687.65
2025,4,April,1595,5,Electronics,5554.46
2025,4,April,1140,11,"Home Office",5531.69
2025,4,April,1148,7,Electronics,4979.33
2025,4,April,1256,23,Fitness,4568.18
2025,4,April,1211,18,Kitchen,4550.12
2025,4,April,1352,14,"Home Office",4384.38
2025,4,April,1206,6,Electronics,4379.54
2025,4,April,1429,23,Fitness,4229.80
2025,4,April,1468,23,Fitness,4229.80
2025,4,April,1185,10,"Home Office",3951.84
2025,4,April,1415,30,Electronics,3596.40
2025,4,April,1214,7,Electronics,3564.15
2025,4,April,1595,2,Electronics,3530.31
2025,4,April,1442,8,Electronics,3471.78
2025,4,April,1254,14,"Home Office",3470.97
2025,4,April,1390,29,Beauty,3368.32
2025,4,April,1222,11,"Home Office",3339.89
2025,4,April,1429,14,"Home Office",3288.29
2025,4,April,1226,26,Beauty,3272.49
2025,4,April,1140,26,Beauty,3108.87
2025,4,April,1392,25,Beauty,3088.62
2025,4,April,1019,30,Electronics,2997.00
2025,4,April,1226,30,Electronics,2997.00
2025,4,April,1206,10,"Home Office",2963.88
2025,4,April,1324,6,Electronics,2919.69
2025,4,April,1518,18,Kitchen,2730.07
2025,4,April,1039,24,Fitness,2662.32
2025,4,April,1219,25,Beauty,2625.33
2025,4,April,1294,6,Electronics,2612.36
2025,4,April,1162,23,Fitness,2410.99
2025,4,April,1518,28,Beauty,2391.62
2025,4,April,1390,21,Fitness,2375.76
2025,4,April,1502,10,"Home Office",2371.10
2025,4,April,1254,2,Electronics,2353.54
2025,4,April,1211,28,Beauty,2258.75
2025,4,April,1162,17,Kitchen,2232.06
2025,4,April,1148,11,"Home Office",2226.59
2025,4,April,1546,26,Beauty,2181.66
2025,4,April,1429,16,Kitchen,2174.64
2025,4,April,1303,25,Beauty,2059.08
2025,4,April,1390,19,Kitchen,1940.76
2025,4,April,1589,22,Fitness,1917.97
2025,4,April,1417,16,Kitchen,1884.69
2025,4,April,1321,11,"Home Office",1878.69
2025,4,April,1417,6,Electronics,1844.02
2025,4,April,1442,1,Electronics,1687.95
2025,4,April,1561,25,Beauty,1647.26
2025,4,April,1294,19,Kitchen,1455.57
2025,4,April,1211,16,Kitchen,1449.76
2025,4,April,1044,8,Electronics,1388.71
2025,4,April,1546,14,"Home Office",1388.39
2025,4,April,1185,3,Electronics,1326.01
2025,4,April,1044,19,Kitchen,1164.46
2025,4,April,1392,28,Beauty,1062.94
2025,4,April,1185,1,Electronics,1012.77
2025,4,April,1254,21,Fitness,989.90
2025,4,April,1226,9,"Home Office",988.64
2025,4,April,1044,3,Electronics,893.31
2025,4,April,1085,20,Fitness,860.76
2025,4,April,1311,23,Fitness,845.96
2025,4,April,1226,1,Electronics,810.22
2025,4,April,1390,9,"Home Office",787.82
2025,4,April,1014,20,Fitness,774.68
2025,4,April,1594,17,Kitchen,744.02
2025,4,April,1148,12,"Home Office",743.36
2025,4,April,1553,6,Electronics,729.92
2025,4,April,1219,4,Electronics,724.17
2025,4,April,1591,3,Electronics,711.86
2025,4,April,1013,11,"Home Office",695.81
2025,4,April,1591,16,Kitchen,688.64
2025,4,April,1352,20,Fitness,645.57
2025,4,April,1442,9,"Home Office",617.90
2025,4,April,1502,1,Electronics,607.66
2025,4,April,1500,17,Kitchen,595.22
2025,4,April,1589,12,"Home Office",557.52
2025,4,April,1341,11,"Home Office",556.65
2025,4,April,1321,13,"Home Office",547.70
2025,4,April,1553,9,"Home Office",525.22
2025,4,April,1294,27,Beauty,474.54
2025,4,April,1162,21,Fitness,470.20
2025,4,April,1162,13,"Home Office",438.16
2025,4,April,1140,27,Beauty,427.09
2025,4,April,1222,27,Beauty,395.45
2025,4,April,1196,1,Electronics,337.59
2025,4,April,1461,17,Kitchen,334.81
2025,4,April,1518,1,Electronics,320.71
2025,4,April,1311,17,Kitchen,316.21
2025,4,April,1039,3,Electronics,279.16
2025,4,April,1224,19,Kitchen,258.77
2025,4,April,1211,27,Beauty,253.09
2025,4,April,1429,20,Fitness,193.67
2025,5,May,1082,26,Beauty,6217.73
2025,5,May,1492,30,Electronics,5994.00
2025,5,May,1246,2,Electronics,5883.85
2025,5,May,1110,7,Electronics,5241.40
2025,5,May,1043,26,Beauty,5181.44
2025,5,May,1246,29,Beauty,5052.48
2025,5,May,1289,29,Beauty,5052.48
2025,5,May,1004,10,"Home Office",4939.80
2025,5,May,1358,23,Fitness,4821.97
2025,5,May,1123,2,Electronics,4707.08
2025,5,May,1578,6,Electronics,4610.04
2025,5,May,1004,18,Kitchen,4550.12
2025,5,May,1163,18,Kitchen,4550.12
2025,5,May,1192,4,Electronics,4259.80
2025,5,May,1080,29,Beauty,4210.40
2025,5,May,1194,15,Kitchen,3963.68
2025,5,May,1082,10,"Home Office",3951.84
2025,5,May,1192,10,"Home Office",3951.84
2025,5,May,1314,15,Kitchen,3730.52
2025,5,May,1571,14,"Home Office",3653.65
2025,5,May,1043,4,Electronics,3407.84
2025,5,May,1427,28,Beauty,3188.82
2025,5,May,1361,7,Electronics,3144.84
2025,5,May,1278,28,Beauty,3029.38
2025,5,May,1449,21,Fitness,2969.70
2025,5,May,1037,10,"Home Office",2963.88
2025,5,May,1418,11,"Home Office",2957.19
2025,5,May,1113,15,Kitchen,2797.89
2025,5,May,1578,23,Fitness,2707.07
2025,5,May,1289,7,Electronics,2673.11
2025,5,May,1192,15,Kitchen,2658.00
2025,5,May,1181,28,Beauty,2657.35
2025,5,May,1398,23,Fitness,2537.88
2025,5,May,1089,11,"Home Office",2504.92
2025,5,May,1361,25,Beauty,2470.90
2025,5,May,1067,4,Electronics,2428.09
2025,5,May,1314,11,"Home Office",2365.75
2025,5,May,1225,2,Electronics,2353.54
2025,5,May,1246,25,Beauty,2316.47
2025,5,May,1512,8,Electronics,2314.52
2025,5,May,1522,14,"Home Office",2192.19
2025,5,May,1181,22,Fitness,2131.08
2025,5,May,1274,11,"Home Office",2087.43
2025,5,May,1498,17,Kitchen,2008.85
2025,5,May,1089,2,Electronics,2000.51
2025,5,May,1358,26,Beauty,1963.49
2025,5,May,1108,6,Electronics,1844.02
2025,5,May,1089,15,Kitchen,1678.73
2025,5,May,1063,17,Kitchen,1674.05
2025,5,May,1399,19,Kitchen,1649.65
2025,5,May,1108,19,Kitchen,1617.30
2025,5,May,1274,10,"Home Office",1580.74
2025,5,May,1395,6,Electronics,1536.68
2025,5,May,1225,19,Kitchen,1536.44
2025,5,May,1080,22,Fitness,1509.52
2025,5,May,1067,21,Fitness,1484.85
2025,5,May,1463,21,Fitness,1484.85
2025,5,May,1037,9,"Home Office",1482.96
2025,5,May,1274,29,Beauty,1431.54
2025,5,May,1498,28,Beauty,1355.25
2025,5,May,1110,1,Electronics,1350.36
2025,5,May,1512,14,"Home Office",1315.31
2025,5,May,1578,17,Kitchen,1264.83
2025,5,May,1081,21,Fitness,1262.12
2025,5,May,1063,3,Electronics,1256.22
2025,5,May,1498,22,Fitness,1207.61
2025,5,May,1427,5,Electronics,1169.36
2025,5,May,1081,19,Kitchen,1164.46
2025,5,May,1225,20,Fitness,1097.47
2025,5,May,1063,1,Electronics,1080.29
2025,5,May,1194,1,Electronics,1080.29
2025,5,May,1182,16,Kitchen,1032.95
2025,5,May,1289,28,Beauty,956.65
2025,5,May,1110,22,Fitness,905.71
2025,5,May,1281,23,Fitness,845.96
2025,5,May,1358,29,Beauty,842.08
2025,5,May,1274,3,Electronics,837.48
2025,5,May,1198,13,"Home Office",624.38
2025,5,May,1314,16,Kitchen,579.90
2025,5,May,1466,8,Electronics,578.63
2025,5,May,1358,13,"Home Office",547.70
2025,5,May,1123,12,"Home Office",529.64
2025,5,May,1113,9,"Home Office",525.22
2025,5,May,1466,25,Beauty,514.77
2025,5,May,1427,21,Fitness,494.95
2025,5,May,1181,25,Beauty,463.29
2025,5,May,1163,28,Beauty,425.18
2025,5,May,1089,17,Kitchen,372.01
2025,5,May,1181,12,"Home Office",371.68
2025,5,May,1512,22,Fitness,355.18
2025,5,May,1246,22,Fitness,301.90
2025,5,May,1220,27,Beauty,253.09
2025,5,May,1512,27,Beauty,225.41
2025,5,May,1225,13,"Home Office",197.17
2025,5,May,1067,12,"Home Office",148.67
2025,5,May,1278,27,Beauty,79.09
2025,5,May,1498,27,Beauty,79.09
2025,5,May,1110,27,Beauty,67.23
2025,6,June,1024,2,Electronics,7060.62
2025,6,June,1333,2,Electronics,7060.62
2025,6,June,1125,6,Electronics,6953.48
2025,6,June,1149,26,Beauty,6544.98
2025,6,June,1489,5,Electronics,6314.54
2025,6,June,1541,7,Electronics,6289.68
2025,6,June,1474,15,Kitchen,6248.62
2025,6,June,1234,18,Kitchen,6142.66
2025,6,June,1051,24,Fitness,5990.22
2025,6,June,1159,2,Electronics,5883.85
2025,6,June,1339,2,Electronics,5883.85
2025,6,June,1366,18,Kitchen,5687.65
2025,6,June,1375,10,"Home Office",5631.37
2025,6,June,1576,29,Beauty,5557.73
2025,6,June,1301,2,Electronics,5295.47
2025,6,June,1125,24,Fitness,5269.18
2025,6,June,1379,5,Electronics,4677.44
2025,6,June,1186,24,Fitness,4437.20
2025,6,June,1489,24,Fitness,4437.20
2025,6,June,1144,15,Kitchen,4429.99
2025,6,June,1489,11,"Home Office",4174.86
2025,6,June,1574,26,Beauty,4145.15
2025,6,June,1024,7,Electronics,3983.46
2025,6,June,1051,4,Electronics,3620.83
2025,6,June,1548,2,Electronics,3530.31
2025,6,June,1506,14,"Home Office",3507.50
2025,6,June,1541,11,"Home Office",3479.05
2025,6,June,1597,11,"Home Office",3479.05
2025,6,June,1060,30,Electronics,3396.60
2025,6,June,1031,23,Fitness,3383.84
2025,6,June,1474,23,Fitness,3383.84
2025,6,June,1060,23,Fitness,3214.65
2025,6,June,1509,28,Beauty,3188.82
2025,6,June,1475,10,"Home Office",3161.47
2025,6,June,1530,26,Beauty,3108.87
2025,6,June,1366,11,"Home Office",2957.19
2025,6,June,1064,8,Electronics,2951.01
2025,6,June,1597,24,Fitness,2828.72
2025,6,June,1474,26,Beauty,2781.62
2025,6,June,1230,6,Electronics,2766.02
2025,6,June,1525,28,Beauty,2657.35
2025,6,June,1411,4,Electronics,2555.88
2025,6,June,1489,4,Electronics,2555.88
2025,6,June,1025,21,Fitness,2474.75
2025,6,June,1011,21,Fitness,2375.76
2025,6,June,1186,26,Beauty,2181.66
2025,6,June,1255,22,Fitness,2131.08
2025,6,June,1506,7,Electronics,2096.56
2025,6,June,1168,23,Fitness,2030.30
2025,6,June,1205,19,Kitchen,1940.76
2025,6,June,1011,16,Kitchen,1812.20
2025,6,June,1541,17,Kitchen,1785.65
2025,6,June,1093,17,Kitchen,1767.05
2025,6,June,1411,25,Beauty,1750.22
2025,6,June,1230,16,Kitchen,1721.59
2025,6,June,1530,16,Kitchen,1721.59
2025,6,June,1541,4,Electronics,1703.92
2025,6,June,1544,23,Fitness,1691.92
2025,6,June,1301,16,Kitchen,1630.98
2025,6,June,1093,23,Fitness,1607.32
2025,6,June,1411,9,"Home Office",1544.75
2025,6,June,1308,4,Electronics,1533.53
2025,6,June,1255,16,Kitchen,1449.76
2025,6,June,1093,14,"Home Office",1388.39
2025,6,June,1525,14,"Home Office",1388.39
2025,6,June,1040,22,Fitness,1349.68
2025,6,June,1379,14,"Home Office",1315.31
2025,6,June,1205,2,Electronics,1176.77
2025,6,June,1064,26,Beauty,1090.83
2025,6,June,1530,7,Electronics,1048.28
2025,6,June,1424,20,Fitness,1022.15
2025,6,June,1175,1,Electronics,1012.77
2025,6,June,1565,3,Electronics,949.14
2025,6,June,1574,20,Fitness,860.76
2025,6,June,1031,29,Beauty,842.08
2025,6,June,1040,20,Fitness,817.72
2025,6,June,1339,6,Electronics,768.34
2025,6,June,1576,9,"Home Office",741.48
2025,6,June,1230,1,Electronics,675.18
2025,6,June,1234,20,Fitness,645.57
2025,6,June,1544,20,Fitness,645.57
2025,6,June,1025,9,"Home Office",617.90
2025,6,June,1025,22,Fitness,603.81
2025,6,June,1072,19,Kitchen,582.23
2025,6,June,1530,8,Electronics,578.63
2025,6,June,1544,13,"Home Office",520.32
2025,6,June,1040,9,"Home Office",494.32
2025,6,June,1215,13,"Home Office",492.93
2025,6,June,1031,20,Fitness,430.38
2025,6,June,1230,21,Fitness,420.71
2025,6,June,1130,13,"Home Office",416.25
2025,6,June,1205,25,Beauty,411.82
2025,6,June,1064,21,Fitness,395.96
2025,6,June,1525,21,Fitness,395.96
2025,6,June,1040,17,Kitchen,372.01
2025,6,June,1366,17,Kitchen,372.01
2025,6,June,1125,12,"Home Office",371.68
2025,6,June,1459,1,Electronics,337.59
2025,6,June,1509,1,Electronics,337.59
2025,6,June,1031,22,Fitness,337.42
2025,6,June,1234,22,Fitness,337.42
2025,6,June,1051,13,"Home Office",328.62
2025,6,June,1556,13,"Home Office",295.76
2025,6,June,1308,13,"Home Office",262.90
2025,6,June,1011,20,Fitness,215.19
2025,6,June,1597,13,"Home Office",208.13
2025,6,June,1255,20,Fitness,172.15
2025,6,June,1576,12,"Home Office",148.67
2025,6,June,1060,27,Beauty,126.54
2025,6,June,1159,27,Beauty,126.54
2025,7,July,1242,7,Electronics,6289.68
2025,7,July,1100,10,"Home Office",5927.76
2025,7,July,1158,26,Beauty,5890.48
2025,7,July,1382,24,Fitness,5657.43
2025,7,July,1172,24,Fitness,5546.50
2025,7,July,1009,5,Electronics,5262.12
2025,7,July,1172,18,Kitchen,5118.89
2025,7,July,1091,23,Fitness,5075.76
2025,7,July,1068,30,Electronics,4995.00
2025,7,July,1488,24,Fitness,4991.85
2025,7,July,1570,24,Fitness,4714.53
2025,7,July,1326,18,Kitchen,4550.12
2025,7,July,1570,2,Electronics,4471.73
2025,7,July,1171,24,Fitness,4437.20
2025,7,July,1291,5,Electronics,4209.70
2025,7,July,1233,7,Electronics,4193.12
2025,7,July,1091,29,Beauty,4041.98
2025,7,July,1033,30,Electronics,3996.00
2025,7,July,1122,15,Kitchen,3963.68
2025,7,July,1520,6,Electronics,3841.70
2025,7,July,1501,28,Beauty,3826.58
2025,7,July,1236,30,Electronics,3796.20
2025,7,July,1328,6,Electronics,3688.03
2025,7,July,1521,5,Electronics,3508.08
2025,7,July,1068,23,Fitness,3383.84
2025,7,July,1074,23,Fitness,3383.84
2025,7,July,1404,18,Kitchen,3241.96
2025,7,July,1056,10,"Home Office",3161.47
2025,7,July,1346,6,Electronics,3073.36
2025,7,July,1328,21,Fitness,3019.20
2025,7,July,1117,2,Electronics,3000.76
2025,7,July,1117,14,"Home Office",2922.92
2025,7,July,1056,8,Electronics,2893.15
2025,7,July,1065,23,Fitness,2876.26
2025,7,July,1003,30,Electronics,2847.15
2025,7,July,1328,30,Electronics,2847.15
2025,7,July,1407,15,Kitchen,2797.89
2025,7,July,1201,11,"Home Office",2783.24
2025,7,July,1242,14,"Home Office",2776.77
2025,7,July,1056,7,Electronics,2673.11
2025,7,July,1100,21,Fitness,2672.73
2025,7,July,1283,28,Beauty,2657.35
2025,7,July,1377,11,"Home Office",2644.08
2025,7,July,1202,25,Beauty,2573.85
2025,7,July,1447,23,Fitness,2537.88
2025,7,July,1501,10,"Home Office",2519.30
2025,7,July,1233,14,"Home Office",2338.34
2025,7,July,1357,17,Kitchen,2232.06
2025,7,July,1377,24,Fitness,2218.60
2025,7,July,1542,16,Kitchen,2174.64
2025,7,July,1447,25,Beauty,2059.08
2025,7,July,1407,4,Electronics,2044.70
2025,7,July,1158,23,Fitness,2030.30
2025,7,July,1232,1,Electronics,2025.54
2025,7,July,1122,11,"Home Office",1983.06
2025,7,July,1332,21,Fitness,1979.80
2025,7,July,1542,10,"Home Office",1975.92
2025,7,July,1357,19,Kitchen,1940.76
2025,7,July,1447,19,Kitchen,1940.76
2025,7,July,1242,21,Fitness,1880.81
2025,7,July,1391,17,Kitchen,1860.05
2025,7,July,1590,17,Kitchen,1860.05
2025,7,July,1326,9,"Home Office",1853.70
2025,7,July,1283,22,Fitness,1811.42
2025,7,July,1122,30,Electronics,1798.20
2025,7,July,1232,21,Fitness,1781.82
2025,7,July,1236,19,Kitchen,1746.68
2025,7,July,1407,29,Beauty,1684.16
2025,7,July,1570,16,Kitchen,1630.98
2025,7,July,1404,21,Fitness,1583.84
2025,7,July,1003,9,"Home Office",1544.75
2025,7,July,1285,6,Electronics,1536.68
2025,7,July,1520,16,Kitchen,1449.76
2025,7,July,1590,4,Electronics,1448.33
2025,7,July,1465,29,Beauty,1431.54
2025,7,July,1074,4,Electronics,1363.14
2025,7,July,1437,22,Fitness,1207.61
2025,7,July,1391,3,Electronics,1186.43
2025,7,July,1447,2,Electronics,1176.77
2025,7,July,1520,19,Kitchen,1164.46
2025,7,July,1117,22,Fitness,1136.58
2025,7,July,1074,3,Electronics,1116.64
2025,7,July,1407,17,Kitchen,1116.03
2025,7,July,1377,12,"Home Office",1115.04
2025,7,July,1340,5,Electronics,1110.89
2025,7,July,1171,28,Beauty,1062.94
2025,7,July,1382,7,Electronics,1048.28
2025,7,July,1437,21,Fitness,989.90
2025,7,July,1332,8,Electronics,983.67
2025,7,July,1117,17,Kitchen,948.63
2025,7,July,1291,12,"Home Office",929.20
2025,7,July,1068,26,Beauty,927.21
2025,7,July,1065,27,Beauty,925.35
2025,7,July,1587,24,Fitness,887.44
2025,7,July,1091,20,Fitness,860.76
2025,7,July,1171,29,Beauty,842.08
2025,7,July,1201,12,"Home Office",836.28
2025,7,July,1091,19,Kitchen,776.30
2025,7,July,1542,19,Kitchen,776.30
2025,7,July,1201,6,Electronics,768.34
2025,7,July,1202,6,Electronics,768.34
2025,7,July,1233,12,"Home Office",743.36
2025,7,July,1202,22,Fitness,710.36
2025,7,July,1068,14,"Home Office",694.19
2025,7,July,1236,13,"Home Office",657.24
2025,7,July,1285,20,Fitness,645.57
2025,7,July,1232,16,Kitchen,616.15
2025,7,July,1382,6,Electronics,614.67
2025,7,July,1050,12,"Home Office",557.52
2025,7,July,1122,12,"Home Office",557.52
2025,7,July,1391,13,"Home Office",525.79
2025,7,July,1542,9,"Home Office",525.22
2025,7,July,1382,9,"Home Office",494.32
2025,7,July,1171,25,Beauty,463.29
2025,7,July,1201,20,Fitness,430.38
2025,7,July,1332,20,Fitness,430.38
2025,7,July,1291,17,Kitchen,353.41
2025,7,July,1050,13,"Home Office",350.53
2025,7,July,1028,12,"Home Office",334.51
2025,7,July,1033,12,"Home Office",315.93
2025,7,July,1520,13,"Home Office",312.19
2025,7,July,1242,1,Electronics,303.83
2025,7,July,1033,3,Electronics,279.16
2025,7,July,1590,27,Beauty,225.41
2025,7,July,1346,12,"Home Office",185.84
2025,7,July,1283,12,"Home Office",167.26
